firstchoice,secondchoice,thirdchoice
@scottlincicome,@mattyglesias,@alanmcole
@scottlincicome,@mattyglesias,@alanmcole
@scottlincicome,@mattyglesias,@alanmcole
@scottlincicome,@mattyglesias,@alanmcole
@scottlincicome,@mattyglesias,@alanmcole
@scottlincicome,@mattyglesias,@alanmcole
@scottlincicome,@mattyglesias,@alanmcole
@scottlincicome,@mattyglesias,@alanmcole
@scottlincicome,@mattyglesias,@alanmcole
@scottlincicome,@mattyglesias,@alanmcole
@scottlincicome,@mattyglesias,@alanmcole
@scottlincicome,@mattyglesias,@alanmcole
@scottlincicome,@mattyglesias,@alanmcole
@scottlincicome,@mattyglesias,@alanmcole
@scottlincicome,@mattyglesias,@alanmcole
@scottlincicome,@mattyglesias,@alanmcole
@scottlincicome,@mattyglesias,@alanmcole
@scottlincicome,@mattyglesias,@alanmcole
@scottlincicome,@mattyglesias,@alanmcole
@scottlincicome,@mattyglesias,@alanmcole
@scottlincicome,@alanmcole,@mattyglesias
@scottlincicome,@alanmcole,@mattyglesias
@scottlincicome,@alanmcole,@mattyglesias
@scottlincicome,@alanmcole,@mattyglesias
@scottlincicome,@alanmcole,@mattyglesias
@scottlincicome,@alanmcole,@mattyglesias
@scottlincicome,@alanmcole,@mattyglesias
@scottlincicome,@alanmcole,@mattyglesias
@scottlincicome,@alanmcole,@mattyglesias
@scottlincicome,@alanmcole,@mattyglesias
@scottlincicome,@alanmcole,@mattyglesias
@scottlincicome,@alanmcole,@mattyglesias
@scottlincicome,@alanmcole,@mattyglesias
@scottlincicome,@alanmcole,@mattyglesias
@scottlincicome,@alanmcole,@mattyglesias
@scottlincicome,@alanmcole,@mattyglesias
@scottlincicome,@alanmcole,@mattyglesias
@scottlincicome,@alanmcole,@mattyglesias
@scottlincicome,@alanmcole,@mattyglesias
@scottlincicome,@alanmcole,@mattyglesias