Timestamp,First choice,Second choice,Third choice
3/16/2019 23:33:13,@scottlincicome,@AlanMCole,@mattyglesias
3/16/2019 23:33:25,@mattyglesias,@scottlincicome,@AlanMCole
3/16/2019 23:33:40,@AlanMCole,@scottlincicome,@mattyglesias
3/16/2019 23:33:42,@mattyglesias,@scottlincicome,@AlanMCole
3/16/2019 23:33:45,@mattyglesias,@scottlincicome,@AlanMCole
3/16/2019 23:33:49,@mattyglesias,@scottlincicome,@AlanMCole
3/16/2019 23:33:54,@mattyglesias,@scottlincicome,@AlanMCole
3/16/2019 23:33:55,@scottlincicome,@mattyglesias,@AlanMCole
3/16/2019 23:34:06,@scottlincicome,@mattyglesias,@AlanMCole
3/16/2019 23:34:10,@scottlincicome,@AlanMCole,@mattyglesias
3/16/2019 23:34:13,@mattyglesias,@AlanMCole,@scottlincicome
3/16/2019 23:34:14,@scottlincicome,@AlanMCole,@mattyglesias
3/16/2019 23:34:16,@scottlincicome,@mattyglesias,@AlanMCole
3/16/2019 23:34:34,@scottlincicome,@mattyglesias,@AlanMCole
3/16/2019 23:34:44,@mattyglesias,@AlanMCole,@scottlincicome
3/16/2019 23:34:49,@mattyglesias,@scottlincicome,@AlanMCole
3/16/2019 23:34:55,@mattyglesias,@AlanMCole,@scottlincicome
3/16/2019 23:34:59,@mattyglesias,@mattyglesias,@mattyglesias
3/16/2019 23:35:01,@mattyglesias,@scottlincicome,@AlanMCole
3/16/2019 23:35:02,@scottlincicome,@AlanMCole,@mattyglesias
3/16/2019 23:35:07,@scottlincicome,@mattyglesias,@AlanMCole
3/16/2019 23:35:14,@scottlincicome,@AlanMCole,@mattyglesias
3/16/2019 23:35:20,@scottlincicome,@mattyglesias,@AlanMCole
3/16/2019 23:35:44,@scottlincicome,@AlanMCole,@mattyglesias
3/16/2019 23:35:45,@mattyglesias,@scottlincicome,@AlanMCole
3/16/2019 23:35:52,@mattyglesias,@scottlincicome,@AlanMCole
3/16/2019 23:36:05,@scottlincicome,@mattyglesias,@AlanMCole
3/16/2019 23:36:42,@AlanMCole,@scottlincicome,@mattyglesias
3/16/2019 23:36:45,@scottlincicome,@AlanMCole,@mattyglesias
3/16/2019 23:36:56,@mattyglesias,@AlanMCole,@scottlincicome
3/16/2019 23:36:58,@mattyglesias,@scottlincicome,@AlanMCole
3/16/2019 23:37:12,@AlanMCole,@mattyglesias,@scottlincicome
3/16/2019 23:37:15,@mattyglesias,@mattyglesias,@mattyglesias
3/16/2019 23:37:26,@mattyglesias,@scottlincicome,@AlanMCole
3/16/2019 23:37:39,@mattyglesias,@scottlincicome,@AlanMCole
3/16/2019 23:37:44,@mattyglesias,@scottlincicome,@AlanMCole
3/16/2019 23:37:51,@mattyglesias,@AlanMCole,@scottlincicome
3/16/2019 23:37:54,@scottlincicome,@mattyglesias,@AlanMCole
3/16/2019 23:37:58,@AlanMCole,@scottlincicome,@mattyglesias
3/16/2019 23:38:03,@scottlincicome,@AlanMCole,@mattyglesias
3/16/2019 23:38:04,@mattyglesias,@AlanMCole,@scottlincicome
3/16/2019 23:38:05,@scottlincicome,@AlanMCole,@mattyglesias
3/16/2019 23:38:11,@mattyglesias,@scottlincicome,@AlanMCole
3/16/2019 23:38:34,@scottlincicome,@AlanMCole,@mattyglesias
3/16/2019 23:38:38,@mattyglesias,@scottlincicome,@AlanMCole
3/16/2019 23:38:39,@AlanMCole,@mattyglesias,@scottlincicome
3/16/2019 23:38:42,@scottlincicome,@AlanMCole,@mattyglesias
3/16/2019 23:38:48,@mattyglesias,@scottlincicome,@AlanMCole
3/16/2019 23:39:07,@mattyglesias,@AlanMCole,@scottlincicome
3/16/2019 23:39:09,@scottlincicome,@AlanMCole,@mattyglesias
3/16/2019 23:39:11,@scottlincicome,@AlanMCole,@mattyglesias
3/16/2019 23:39:38,@AlanMCole,@mattyglesias,@scottlincicome
3/16/2019 23:39:38,@mattyglesias,@AlanMCole,@scottlincicome
3/16/2019 23:39:46,@mattyglesias,@scottlincicome,@AlanMCole
3/16/2019 23:39:55,@mattyglesias,@scottlincicome,@AlanMCole
3/16/2019 23:39:57,@mattyglesias,@scottlincicome,@AlanMCole
3/16/2019 23:40:01,@AlanMCole,@scottlincicome,@mattyglesias
3/16/2019 23:40:09,@mattyglesias,@scottlincicome,@AlanMCole
3/16/2019 23:40:26,@scottlincicome,@AlanMCole,@mattyglesias
3/16/2019 23:40:35,@mattyglesias,@scottlincicome,@AlanMCole
3/16/2019 23:40:47,@scottlincicome,@AlanMCole,@mattyglesias
3/16/2019 23:40:51,@AlanMCole,@scottlincicome,@mattyglesias
3/16/2019 23:40:55,@scottlincicome,@mattyglesias,@AlanMCole
3/16/2019 23:40:57,@mattyglesias,@scottlincicome,@AlanMCole
3/16/2019 23:41:04,@scottlincicome,@AlanMCole,@mattyglesias
3/16/2019 23:41:14,@mattyglesias,@scottlincicome,@AlanMCole
3/16/2019 23:41:15,@AlanMCole,@scottlincicome,@mattyglesias
3/16/2019 23:41:31,@AlanMCole,@scottlincicome,@mattyglesias
3/16/2019 23:41:38,@scottlincicome,@AlanMCole,@mattyglesias
3/16/2019 23:41:39,@mattyglesias,@AlanMCole,@scottlincicome
3/16/2019 23:41:54,@mattyglesias,@mattyglesias,@mattyglesias
3/16/2019 23:41:56,@AlanMCole,@scottlincicome,@mattyglesias
3/16/2019 23:41:56,@AlanMCole,@mattyglesias,@scottlincicome
3/16/2019 23:42:04,@mattyglesias,@scottlincicome,@AlanMCole
3/16/2019 23:42:20,@mattyglesias,@AlanMCole,@scottlincicome
3/16/2019 23:42:31,@mattyglesias,@scottlincicome,@AlanMCole
3/16/2019 23:42:44,@mattyglesias,@scottlincicome,@AlanMCole
3/16/2019 23:42:51,@mattyglesias,@scottlincicome,@AlanMCole
3/16/2019 23:43:01,@mattyglesias,@scottlincicome,@AlanMCole
3/16/2019 23:43:01,@mattyglesias,@scottlincicome,@AlanMCole
3/16/2019 23:43:02,@mattyglesias,@scottlincicome,@AlanMCole
3/16/2019 23:43:22,@mattyglesias,@AlanMCole,@scottlincicome
3/16/2019 23:43:22,@mattyglesias,@scottlincicome,@AlanMCole
3/16/2019 23:43:28,@mattyglesias,@AlanMCole,@scottlincicome
3/16/2019 23:43:34,@mattyglesias,@scottlincicome,@AlanMCole
3/16/2019 23:43:37,@AlanMCole,@mattyglesias,@scottlincicome
3/16/2019 23:43:42,@mattyglesias,@scottlincicome,@AlanMCole
3/16/2019 23:43:54,@mattyglesias,@AlanMCole,@scottlincicome
3/16/2019 23:44:09,@scottlincicome,@AlanMCole,@mattyglesias
3/16/2019 23:44:17,@AlanMCole,@mattyglesias,@scottlincicome
3/16/2019 23:44:18,@scottlincicome,@AlanMCole,@mattyglesias
3/16/2019 23:44:27,@mattyglesias,@AlanMCole,@scottlincicome
3/16/2019 23:44:37,@mattyglesias,@scottlincicome,@AlanMCole
3/16/2019 23:44:40,@AlanMCole,@scottlincicome,@mattyglesias
3/16/2019 23:44:49,@mattyglesias,@AlanMCole,@scottlincicome
3/16/2019 23:45:07,@scottlincicome,@AlanMCole,@mattyglesias
3/16/2019 23:45:30,@mattyglesias,@AlanMCole,@scottlincicome
3/16/2019 23:45:31,@mattyglesias,@AlanMCole,@scottlincicome
3/16/2019 23:45:46,@AlanMCole,@scottlincicome,@mattyglesias
3/16/2019 23:45:50,@mattyglesias,@scottlincicome,@AlanMCole
3/16/2019 23:46:43,@scottlincicome,@AlanMCole,@mattyglesias
3/16/2019 23:46:53,@mattyglesias,@mattyglesias,@mattyglesias
3/16/2019 23:46:58,@mattyglesias,@scottlincicome,@AlanMCole
3/16/2019 23:47:02,@AlanMCole,@scottlincicome,@mattyglesias
3/16/2019 23:47:03,@mattyglesias,@scottlincicome,@AlanMCole
3/16/2019 23:47:14,@mattyglesias,@scottlincicome,@AlanMCole
3/16/2019 23:47:17,@mattyglesias,@scottlincicome,@AlanMCole
3/16/2019 23:47:42,@mattyglesias,@AlanMCole,@scottlincicome
3/16/2019 23:47:56,@mattyglesias,@scottlincicome,@AlanMCole
3/16/2019 23:48:09,@mattyglesias,@scottlincicome,@AlanMCole
3/16/2019 23:48:11,@scottlincicome,@AlanMCole,@mattyglesias
3/16/2019 23:48:20,@AlanMCole,@scottlincicome,@mattyglesias
3/16/2019 23:48:21,@scottlincicome,@AlanMCole,@mattyglesias
3/16/2019 23:48:27,@mattyglesias,@scottlincicome,@AlanMCole
3/16/2019 23:48:27,@mattyglesias,@AlanMCole,@scottlincicome
3/16/2019 23:48:34,@mattyglesias,@scottlincicome,@AlanMCole
3/16/2019 23:48:36,@mattyglesias,@AlanMCole,@scottlincicome
3/16/2019 23:48:55,@mattyglesias,@AlanMCole,@scottlincicome
3/16/2019 23:48:56,@mattyglesias,@AlanMCole,@scottlincicome
3/16/2019 23:49:01,@mattyglesias,@scottlincicome,@AlanMCole
3/16/2019 23:49:09,@AlanMCole,@scottlincicome,@mattyglesias
3/16/2019 23:49:22,@scottlincicome,@AlanMCole,@mattyglesias
3/16/2019 23:49:25,@mattyglesias,@scottlincicome,@AlanMCole
3/16/2019 23:49:34,@mattyglesias,@scottlincicome,@AlanMCole
3/16/2019 23:49:53,@mattyglesias,@scottlincicome,@AlanMCole
3/16/2019 23:49:55,@scottlincicome,@AlanMCole,@mattyglesias
3/16/2019 23:50:04,@mattyglesias,@scottlincicome,@AlanMCole
3/16/2019 23:50:23,@mattyglesias,@scottlincicome,@AlanMCole
3/16/2019 23:50:29,@AlanMCole,@scottlincicome,@mattyglesias
3/16/2019 23:50:38,@mattyglesias,@AlanMCole,@scottlincicome
3/16/2019 23:50:50,@scottlincicome,@AlanMCole,@mattyglesias
3/16/2019 23:51:03,@mattyglesias,@AlanMCole,@scottlincicome
3/16/2019 23:51:04,@AlanMCole,@scottlincicome,@mattyglesias
3/16/2019 23:51:12,@scottlincicome,@AlanMCole,@mattyglesias
3/16/2019 23:51:39,@mattyglesias,@scottlincicome,@AlanMCole
3/16/2019 23:51:40,@scottlincicome,@AlanMCole,@mattyglesias
3/16/2019 23:51:54,@mattyglesias,@AlanMCole,@scottlincicome
3/16/2019 23:52:03,@mattyglesias,@scottlincicome,@AlanMCole
3/16/2019 23:52:14,@AlanMCole,@scottlincicome,@mattyglesias
3/16/2019 23:52:42,@scottlincicome,@mattyglesias,@AlanMCole
3/16/2019 23:52:46,@mattyglesias,@mattyglesias,@mattyglesias
3/16/2019 23:52:46,@AlanMCole,@scottlincicome,@mattyglesias
3/16/2019 23:52:52,@mattyglesias,@mattyglesias,@mattyglesias
3/16/2019 23:52:59,@mattyglesias,@scottlincicome,@AlanMCole
3/16/2019 23:53:04,@mattyglesias,@scottlincicome,@AlanMCole
3/16/2019 23:53:18,@mattyglesias,@scottlincicome,@AlanMCole
3/16/2019 23:53:30,@mattyglesias,@mattyglesias,@mattyglesias
3/16/2019 23:53:31,@scottlincicome,@AlanMCole,@mattyglesias
3/16/2019 23:53:46,@mattyglesias,@scottlincicome,@AlanMCole
3/16/2019 23:54:08,@mattyglesias,@scottlincicome,@AlanMCole
3/16/2019 23:54:30,@scottlincicome,@AlanMCole,@mattyglesias
3/16/2019 23:54:48,@AlanMCole,@mattyglesias,@scottlincicome
3/16/2019 23:54:51,@AlanMCole,@scottlincicome,@mattyglesias
3/16/2019 23:54:56,@mattyglesias,@scottlincicome,@mattyglesias
3/16/2019 23:55:05,@mattyglesias,@scottlincicome,@AlanMCole
3/16/2019 23:55:29,@AlanMCole,@mattyglesias,@scottlincicome
3/16/2019 23:55:48,@mattyglesias,@AlanMCole,@scottlincicome
3/16/2019 23:55:58,@AlanMCole,@mattyglesias,@scottlincicome
3/16/2019 23:56:00,@scottlincicome,@AlanMCole,@mattyglesias
3/16/2019 23:56:02,@scottlincicome,@AlanMCole,@mattyglesias
3/16/2019 23:56:11,@mattyglesias,@scottlincicome,@AlanMCole
3/16/2019 23:56:22,@mattyglesias,@scottlincicome,@AlanMCole
3/16/2019 23:56:26,@scottlincicome,@AlanMCole,@mattyglesias
3/16/2019 23:56:45,@mattyglesias,@scottlincicome,@AlanMCole
3/16/2019 23:56:59,@mattyglesias,@AlanMCole,@scottlincicome
3/16/2019 23:57:00,@mattyglesias,@scottlincicome,@AlanMCole
3/16/2019 23:57:02,@mattyglesias,@scottlincicome,@AlanMCole
3/16/2019 23:57:19,@mattyglesias,@scottlincicome,@AlanMCole
3/16/2019 23:57:28,@AlanMCole,@mattyglesias,@scottlincicome
3/16/2019 23:57:47,@scottlincicome,@AlanMCole,@mattyglesias
3/16/2019 23:57:54,@AlanMCole,@scottlincicome,@mattyglesias
3/16/2019 23:58:03,@AlanMCole,@scottlincicome,@mattyglesias
3/16/2019 23:58:28,@scottlincicome,@AlanMCole,@mattyglesias
3/16/2019 23:58:28,@mattyglesias,@scottlincicome,@AlanMCole
3/16/2019 23:59:15,@mattyglesias,@AlanMCole,@scottlincicome
3/16/2019 23:59:16,@AlanMCole,@mattyglesias,@scottlincicome
3/16/2019 23:59:24,@mattyglesias,@scottlincicome,@AlanMCole
3/17/2019 0:00:04,@scottlincicome,@AlanMCole,@mattyglesias
3/17/2019 0:00:25,@scottlincicome,@AlanMCole,@mattyglesias
3/17/2019 0:00:32,@AlanMCole,@scottlincicome,@mattyglesias
3/17/2019 0:00:46,@scottlincicome,@AlanMCole,@mattyglesias
3/17/2019 0:01:52,@mattyglesias,@AlanMCole,@scottlincicome
3/17/2019 0:01:53,@scottlincicome,@mattyglesias,@AlanMCole
3/17/2019 0:02:04,@AlanMCole,@mattyglesias,@scottlincicome
3/17/2019 0:02:20,@AlanMCole,@mattyglesias,@scottlincicome
3/17/2019 0:02:38,@AlanMCole,@scottlincicome,@mattyglesias
3/17/2019 0:02:56,@AlanMCole,@scottlincicome,@mattyglesias
3/17/2019 0:03:05,@mattyglesias,@AlanMCole,@scottlincicome
3/17/2019 0:03:34,@mattyglesias,@AlanMCole,@scottlincicome
3/17/2019 0:03:45,@mattyglesias,@scottlincicome,@AlanMCole
3/17/2019 0:04:06,@mattyglesias,@AlanMCole,@scottlincicome
3/17/2019 0:04:16,@mattyglesias,@scottlincicome,@AlanMCole
3/17/2019 0:05:10,@scottlincicome,@mattyglesias,@AlanMCole
3/17/2019 0:05:13,@AlanMCole,@mattyglesias,@scottlincicome
3/17/2019 0:05:15,@AlanMCole,@scottlincicome,@mattyglesias
3/17/2019 0:05:31,@scottlincicome,@mattyglesias,@AlanMCole
3/17/2019 0:05:47,@mattyglesias,@scottlincicome,@AlanMCole
3/17/2019 0:05:57,@AlanMCole,@scottlincicome,@mattyglesias
3/17/2019 0:05:57,@mattyglesias,@scottlincicome,@AlanMCole
3/17/2019 0:06:15,@mattyglesias,@scottlincicome,@AlanMCole
3/17/2019 0:06:22,@mattyglesias,@AlanMCole,@scottlincicome
3/17/2019 0:06:48,@scottlincicome,@mattyglesias,@AlanMCole
3/17/2019 0:07:20,@AlanMCole,@scottlincicome,@mattyglesias
3/17/2019 0:07:23,@mattyglesias,@AlanMCole,@scottlincicome
3/17/2019 0:07:30,@AlanMCole,@scottlincicome,@mattyglesias
3/17/2019 0:08:00,@mattyglesias,@scottlincicome,@AlanMCole
3/17/2019 0:08:51,@mattyglesias,@scottlincicome,@AlanMCole
3/17/2019 0:08:52,@mattyglesias,@scottlincicome,@AlanMCole
3/17/2019 0:09:04,@scottlincicome,@AlanMCole,@mattyglesias
3/17/2019 0:09:51,@AlanMCole,@mattyglesias,@scottlincicome
3/17/2019 0:10:08,@scottlincicome,@AlanMCole,@mattyglesias
3/17/2019 0:10:51,@mattyglesias,@scottlincicome,@AlanMCole
3/17/2019 0:11:06,@AlanMCole,@scottlincicome,@mattyglesias
3/17/2019 0:11:08,@mattyglesias,@AlanMCole,@scottlincicome
3/17/2019 0:12:32,@scottlincicome,@AlanMCole,@mattyglesias
3/17/2019 0:12:42,@scottlincicome,@AlanMCole,"@scottlincicome, @AlanMCole"
3/17/2019 0:12:43,@mattyglesias,@AlanMCole,@scottlincicome
3/17/2019 0:13:06,@mattyglesias,@scottlincicome,@AlanMCole
3/17/2019 0:13:42,@AlanMCole,@scottlincicome,@mattyglesias
3/17/2019 0:13:46,@scottlincicome,@AlanMCole,@mattyglesias
3/17/2019 0:14:08,@AlanMCole,@scottlincicome,@mattyglesias
3/17/2019 0:14:11,@scottlincicome,@AlanMCole,@mattyglesias
3/17/2019 0:14:18,@scottlincicome,@AlanMCole,@mattyglesias
3/17/2019 0:14:41,@mattyglesias,@AlanMCole,@scottlincicome
3/17/2019 0:14:49,@scottlincicome,@AlanMCole,@mattyglesias
3/17/2019 0:15:44,@AlanMCole,@mattyglesias,@scottlincicome
3/17/2019 0:15:49,@mattyglesias,@scottlincicome,@AlanMCole
3/17/2019 0:15:55,@mattyglesias,@AlanMCole,@scottlincicome
3/17/2019 0:16:03,@mattyglesias,@scottlincicome,@AlanMCole
3/17/2019 0:16:32,@mattyglesias,@AlanMCole,@scottlincicome
3/17/2019 0:16:41,@AlanMCole,@scottlincicome,@mattyglesias
3/17/2019 0:17:15,@scottlincicome,@AlanMCole,@mattyglesias
3/17/2019 0:17:17,@scottlincicome,@AlanMCole,@mattyglesias
3/17/2019 0:17:31,@scottlincicome,@mattyglesias,@AlanMCole
3/17/2019 0:17:38,@mattyglesias,@scottlincicome,@AlanMCole
3/17/2019 0:17:59,@AlanMCole,@scottlincicome,@mattyglesias
3/17/2019 0:18:02,@mattyglesias,@scottlincicome,@AlanMCole
3/17/2019 0:18:04,@AlanMCole,@mattyglesias,@scottlincicome
3/17/2019 0:18:08,@scottlincicome,@mattyglesias,@AlanMCole
3/17/2019 0:19:17,@mattyglesias,@scottlincicome,@AlanMCole
3/17/2019 0:19:40,@mattyglesias,@scottlincicome,@AlanMCole
3/17/2019 0:19:50,@mattyglesias,@scottlincicome,@AlanMCole
3/17/2019 0:20:01,@scottlincicome,@AlanMCole,@mattyglesias
3/17/2019 0:20:07,@AlanMCole,@scottlincicome,@mattyglesias
3/17/2019 0:20:18,@scottlincicome,@AlanMCole,@mattyglesias
3/17/2019 0:20:22,@scottlincicome,@AlanMCole,@mattyglesias
3/17/2019 0:20:29,@mattyglesias,@AlanMCole,@scottlincicome
3/17/2019 0:21:34,@scottlincicome,@AlanMCole,@mattyglesias
3/17/2019 0:21:43,@mattyglesias,@scottlincicome,@AlanMCole
3/17/2019 0:22:13,@AlanMCole,@scottlincicome,@mattyglesias
3/17/2019 0:22:40,@AlanMCole,@scottlincicome,@mattyglesias
3/17/2019 0:22:41,@mattyglesias,@scottlincicome,@AlanMCole
3/17/2019 0:23:31,@mattyglesias,@scottlincicome,@AlanMCole
3/17/2019 0:23:37,@scottlincicome,@AlanMCole,@mattyglesias
3/17/2019 0:23:49,@scottlincicome,@mattyglesias,@AlanMCole
3/17/2019 0:24:01,@mattyglesias,@AlanMCole,@scottlincicome
3/17/2019 0:24:48,@mattyglesias,@scottlincicome,@AlanMCole
3/17/2019 0:24:56,@mattyglesias,@scottlincicome,@AlanMCole
3/17/2019 0:24:59,@AlanMCole,@scottlincicome,@mattyglesias
3/17/2019 0:25:28,@mattyglesias,@scottlincicome,@AlanMCole
3/17/2019 0:25:29,@mattyglesias,@scottlincicome,@AlanMCole
3/17/2019 0:25:30,@scottlincicome,@AlanMCole,@mattyglesias
3/17/2019 0:25:54,@AlanMCole,@scottlincicome,@mattyglesias
3/17/2019 0:25:55,@mattyglesias,@scottlincicome,@AlanMCole
3/17/2019 0:26:10,@scottlincicome,@AlanMCole,@mattyglesias
3/17/2019 0:26:10,@mattyglesias,@scottlincicome,@AlanMCole
3/17/2019 0:26:21,@scottlincicome,@mattyglesias,@AlanMCole
3/17/2019 0:26:50,@scottlincicome,@AlanMCole,@mattyglesias
3/17/2019 0:26:51,@scottlincicome,@scottlincicome,@scottlincicome
3/17/2019 0:28:28,@scottlincicome,@AlanMCole,@mattyglesias
3/17/2019 0:28:54,@mattyglesias,@AlanMCole,@scottlincicome
3/17/2019 0:29:30,@scottlincicome,@AlanMCole,@mattyglesias
3/17/2019 0:30:02,@mattyglesias,@scottlincicome,@AlanMCole
3/17/2019 0:30:23,@mattyglesias,@scottlincicome,@AlanMCole
3/17/2019 0:30:57,@mattyglesias,@scottlincicome,@AlanMCole
3/17/2019 0:31:57,@AlanMCole,@mattyglesias,@scottlincicome
3/17/2019 0:32:04,@mattyglesias,@scottlincicome,@AlanMCole
3/17/2019 0:32:30,@scottlincicome,@AlanMCole,@mattyglesias
3/17/2019 0:32:53,@AlanMCole,@scottlincicome,@mattyglesias
3/17/2019 0:33:53,@scottlincicome,@mattyglesias,@AlanMCole
3/17/2019 0:33:53,@mattyglesias,@scottlincicome,@AlanMCole
3/17/2019 0:34:18,@mattyglesias,@AlanMCole,@scottlincicome
3/17/2019 0:34:24,@scottlincicome,@AlanMCole,@mattyglesias
3/17/2019 0:34:33,@mattyglesias,@scottlincicome,@AlanMCole
3/17/2019 0:34:48,@scottlincicome,@AlanMCole,@mattyglesias
3/17/2019 0:34:49,@AlanMCole,@scottlincicome,@mattyglesias
3/17/2019 0:34:55,@mattyglesias,@scottlincicome,@AlanMCole
3/17/2019 0:35:40,@mattyglesias,@scottlincicome,@AlanMCole
3/17/2019 0:36:05,@AlanMCole,@scottlincicome,@mattyglesias
3/17/2019 0:36:28,@scottlincicome,@mattyglesias,@AlanMCole
3/17/2019 0:37:11,@AlanMCole,@scottlincicome,@mattyglesias
3/17/2019 0:37:49,@mattyglesias,@scottlincicome,@AlanMCole
3/17/2019 0:38:49,@mattyglesias,@scottlincicome,@AlanMCole
3/17/2019 0:39:38,@mattyglesias,@scottlincicome,@AlanMCole
3/17/2019 0:39:53,@scottlincicome,@AlanMCole,@mattyglesias
3/17/2019 0:40:34,@AlanMCole,@scottlincicome,@mattyglesias
3/17/2019 0:43:03,@AlanMCole,@scottlincicome,@mattyglesias
3/17/2019 0:43:06,@AlanMCole,@scottlincicome,@mattyglesias
3/17/2019 0:43:44,@scottlincicome,@AlanMCole,@mattyglesias
3/17/2019 0:43:45,@mattyglesias,@scottlincicome,@AlanMCole
3/17/2019 0:44:18,@AlanMCole,@mattyglesias,@scottlincicome
3/17/2019 0:44:22,@scottlincicome,@AlanMCole,@mattyglesias
3/17/2019 0:44:30,@mattyglesias,@scottlincicome,@AlanMCole
3/17/2019 0:44:59,@mattyglesias,@AlanMCole,@scottlincicome
3/17/2019 0:45:10,@AlanMCole,@scottlincicome,@mattyglesias
3/17/2019 0:45:11,@mattyglesias,@AlanMCole,@scottlincicome
3/17/2019 0:45:14,@mattyglesias,@scottlincicome,@AlanMCole
3/17/2019 0:45:36,@scottlincicome,@AlanMCole,@mattyglesias
3/17/2019 0:45:45,@mattyglesias,@scottlincicome,@AlanMCole
3/17/2019 0:46:04,@mattyglesias,@AlanMCole,@scottlincicome
3/17/2019 0:46:04,@AlanMCole,@scottlincicome,@mattyglesias
3/17/2019 0:46:04,@mattyglesias,@scottlincicome,@AlanMCole
3/17/2019 0:46:07,@mattyglesias,@scottlincicome,@AlanMCole
3/17/2019 0:46:15,@mattyglesias,@scottlincicome,@AlanMCole
3/17/2019 0:46:21,@mattyglesias,@scottlincicome,@AlanMCole
3/17/2019 0:46:46,@mattyglesias,@scottlincicome,@AlanMCole
3/17/2019 0:47:01,@AlanMCole,@scottlincicome,@mattyglesias
3/17/2019 0:47:07,@mattyglesias,@scottlincicome,@AlanMCole
3/17/2019 0:47:24,@mattyglesias,@scottlincicome,@AlanMCole
3/17/2019 0:47:31,@mattyglesias,@scottlincicome,@mattyglesias
3/17/2019 0:47:40,@scottlincicome,@AlanMCole,@mattyglesias
3/17/2019 0:47:46,@scottlincicome,@AlanMCole,@mattyglesias
3/17/2019 0:48:25,@AlanMCole,@scottlincicome,@mattyglesias
3/17/2019 0:48:41,@mattyglesias,@AlanMCole,@scottlincicome
3/17/2019 0:48:56,@mattyglesias,@scottlincicome,@AlanMCole
3/17/2019 0:49:03,@mattyglesias,@scottlincicome,@AlanMCole
3/17/2019 0:49:09,@scottlincicome,@AlanMCole,@AlanMCole
3/17/2019 0:49:49,@mattyglesias,@AlanMCole,@scottlincicome
3/17/2019 0:50:02,@mattyglesias,@scottlincicome,@AlanMCole
3/17/2019 0:50:35,@mattyglesias,@scottlincicome,@AlanMCole
3/17/2019 0:51:33,@mattyglesias,@AlanMCole,@scottlincicome
3/17/2019 0:52:07,@AlanMCole,@scottlincicome,@AlanMCole
3/17/2019 0:52:57,@mattyglesias,@scottlincicome,@AlanMCole
3/17/2019 0:54:34,@mattyglesias,@scottlincicome,@AlanMCole
3/17/2019 0:54:47,@scottlincicome,@AlanMCole,@mattyglesias
3/17/2019 0:55:01,@mattyglesias,@AlanMCole,@scottlincicome
3/17/2019 0:55:27,@scottlincicome,@mattyglesias,@AlanMCole
3/17/2019 0:55:52,@mattyglesias,@scottlincicome,@AlanMCole
3/17/2019 0:55:59,@mattyglesias,@scottlincicome,@AlanMCole
3/17/2019 0:56:16,@mattyglesias,@scottlincicome,@AlanMCole
3/17/2019 0:57:05,@mattyglesias,@scottlincicome,@AlanMCole
3/17/2019 0:57:10,@mattyglesias,@AlanMCole,@scottlincicome
3/17/2019 0:57:15,@AlanMCole,@scottlincicome,@mattyglesias
3/17/2019 0:57:36,@AlanMCole,@scottlincicome,@mattyglesias
3/17/2019 0:57:41,@scottlincicome,@AlanMCole,@mattyglesias
3/17/2019 0:57:54,@mattyglesias,@scottlincicome,@AlanMCole
3/17/2019 0:58:42,@mattyglesias,@scottlincicome,@AlanMCole
3/17/2019 0:58:47,@mattyglesias,@AlanMCole,@scottlincicome
3/17/2019 0:59:42,@mattyglesias,@AlanMCole,@scottlincicome
3/17/2019 1:00:11,@mattyglesias,@scottlincicome,@AlanMCole
3/17/2019 1:01:39,@mattyglesias,@scottlincicome,@AlanMCole
3/17/2019 1:01:58,@mattyglesias,@scottlincicome,@AlanMCole
3/17/2019 1:02:10,@mattyglesias,@scottlincicome,@AlanMCole
3/17/2019 1:02:11,@mattyglesias,@AlanMCole,@scottlincicome
3/17/2019 1:03:17,@AlanMCole,@scottlincicome,@mattyglesias
3/17/2019 1:03:53,@mattyglesias,@AlanMCole,@scottlincicome
3/17/2019 1:05:34,@mattyglesias,@scottlincicome,@AlanMCole
3/17/2019 1:06:18,@scottlincicome,@AlanMCole,@mattyglesias
3/17/2019 1:06:56,@mattyglesias,@scottlincicome,@AlanMCole
3/17/2019 1:07:28,@scottlincicome,@AlanMCole,@mattyglesias
3/17/2019 1:08:03,@AlanMCole,@scottlincicome,@mattyglesias
3/17/2019 1:08:10,@mattyglesias,@scottlincicome,@AlanMCole
3/17/2019 1:08:48,@AlanMCole,@scottlincicome,@mattyglesias
3/17/2019 1:09:09,@mattyglesias,@scottlincicome,@AlanMCole
3/17/2019 1:09:42,@mattyglesias,@scottlincicome,@AlanMCole
3/17/2019 1:10:15,@mattyglesias,@mattyglesias,@mattyglesias
3/17/2019 1:11:43,@mattyglesias,@scottlincicome,@AlanMCole
3/17/2019 1:11:46,@mattyglesias,@scottlincicome,@AlanMCole
3/17/2019 1:12:09,@mattyglesias,@AlanMCole,@scottlincicome
3/17/2019 1:12:09,@mattyglesias,@scottlincicome,@AlanMCole
3/17/2019 1:12:19,@mattyglesias,@scottlincicome,@AlanMCole
3/17/2019 1:12:19,@mattyglesias,@scottlincicome,@AlanMCole
3/17/2019 1:13:29,@mattyglesias,@mattyglesias,@mattyglesias
3/17/2019 1:13:30,@mattyglesias,@scottlincicome,@AlanMCole
3/17/2019 1:14:25,@mattyglesias,@scottlincicome,@AlanMCole
3/17/2019 1:16:14,@mattyglesias,@scottlincicome,@AlanMCole
3/17/2019 1:16:44,@AlanMCole,@scottlincicome,@mattyglesias
3/17/2019 1:17:35,@mattyglesias,@AlanMCole,@scottlincicome
3/17/2019 1:18:53,@mattyglesias,@scottlincicome,@AlanMCole
3/17/2019 1:18:59,@AlanMCole,@scottlincicome,@mattyglesias
3/17/2019 1:23:21,@mattyglesias,@AlanMCole,@scottlincicome
3/17/2019 1:25:26,@scottlincicome,@AlanMCole,@mattyglesias
3/17/2019 1:25:42,@scottlincicome,@AlanMCole,@mattyglesias
3/17/2019 1:25:56,@AlanMCole,@scottlincicome,@mattyglesias
3/17/2019 1:26:12,@AlanMCole,@scottlincicome,@mattyglesias
3/17/2019 1:26:38,@mattyglesias,@scottlincicome,@AlanMCole
3/17/2019 1:27:40,@mattyglesias,@scottlincicome,@AlanMCole
3/17/2019 1:28:07,@mattyglesias,@scottlincicome,@mattyglesias
3/17/2019 1:29:01,@mattyglesias,@scottlincicome,@AlanMCole
3/17/2019 1:30:07,@mattyglesias,@scottlincicome,@AlanMCole
3/17/2019 1:30:25,@scottlincicome,@AlanMCole,@mattyglesias
3/17/2019 1:31:28,@mattyglesias,@AlanMCole,@scottlincicome
3/17/2019 1:31:44,@AlanMCole,@scottlincicome,@mattyglesias
3/17/2019 1:32:34,@AlanMCole,@scottlincicome,@mattyglesias
3/17/2019 1:33:02,@mattyglesias,@scottlincicome,@AlanMCole
3/17/2019 1:33:09,@AlanMCole,@scottlincicome,@mattyglesias
3/17/2019 1:33:53,@AlanMCole,@scottlincicome,@mattyglesias
3/17/2019 1:33:53,@mattyglesias,@scottlincicome,@AlanMCole
3/17/2019 1:35:25,@mattyglesias,@scottlincicome,@AlanMCole
3/17/2019 1:35:49,@AlanMCole,@scottlincicome,@mattyglesias
3/17/2019 1:36:00,@mattyglesias,@AlanMCole,@scottlincicome
3/17/2019 1:36:59,@mattyglesias,@scottlincicome,@AlanMCole
3/17/2019 1:41:29,@mattyglesias,@scottlincicome,@AlanMCole
3/17/2019 1:41:34,@mattyglesias,@scottlincicome,@AlanMCole
3/17/2019 1:41:49,@mattyglesias,@AlanMCole,@scottlincicome
3/17/2019 1:42:24,@mattyglesias,@scottlincicome,@AlanMCole
3/17/2019 1:44:17,@scottlincicome,@mattyglesias,@AlanMCole
3/17/2019 1:45:14,@scottlincicome,@mattyglesias,@AlanMCole
3/17/2019 1:45:17,@scottlincicome,@AlanMCole,@mattyglesias
3/17/2019 1:45:25,@mattyglesias,@scottlincicome,@AlanMCole
3/17/2019 1:45:49,@scottlincicome,@AlanMCole,@mattyglesias
3/17/2019 1:46:04,@scottlincicome,@AlanMCole,@mattyglesias
3/17/2019 1:46:07,@scottlincicome,@AlanMCole,@mattyglesias
3/17/2019 1:46:22,@mattyglesias,@AlanMCole,@scottlincicome
3/17/2019 1:47:56,@scottlincicome,@mattyglesias,@AlanMCole
3/17/2019 1:48:34,@mattyglesias,@scottlincicome,@AlanMCole
3/17/2019 1:50:40,@mattyglesias,@scottlincicome,@AlanMCole
3/17/2019 1:50:45,@mattyglesias,@scottlincicome,@AlanMCole
3/17/2019 1:52:30,@AlanMCole,@mattyglesias,@scottlincicome
3/17/2019 1:53:05,@mattyglesias,@scottlincicome,@AlanMCole
3/17/2019 1:54:58,@AlanMCole,@scottlincicome,@mattyglesias
3/17/2019 1:55:29,@scottlincicome,@mattyglesias,@AlanMCole
3/17/2019 1:55:35,@scottlincicome,@AlanMCole,@mattyglesias
3/17/2019 1:57:00,@scottlincicome,@AlanMCole,@mattyglesias
3/17/2019 1:57:52,@mattyglesias,@scottlincicome,@AlanMCole
3/17/2019 1:58:10,@mattyglesias,@scottlincicome,@AlanMCole
3/17/2019 1:58:22,@AlanMCole,@scottlincicome,@mattyglesias
3/17/2019 2:01:44,@mattyglesias,@scottlincicome,@AlanMCole
3/17/2019 2:02:12,@mattyglesias,@scottlincicome,@AlanMCole
3/17/2019 2:02:31,@mattyglesias,@scottlincicome,@AlanMCole
3/17/2019 2:04:36,@mattyglesias,@scottlincicome,@AlanMCole
3/17/2019 2:06:13,@mattyglesias,@scottlincicome,@AlanMCole
3/17/2019 2:11:43,@scottlincicome,@AlanMCole,@mattyglesias
3/17/2019 2:11:44,@AlanMCole,@scottlincicome,@mattyglesias
3/17/2019 2:13:12,@mattyglesias,@scottlincicome,@AlanMCole
3/17/2019 2:14:26,@AlanMCole,@mattyglesias,@scottlincicome
3/17/2019 2:14:27,@mattyglesias,@scottlincicome,@AlanMCole
3/17/2019 2:14:40,@AlanMCole,@mattyglesias,@scottlincicome
3/17/2019 2:16:55,@scottlincicome,@mattyglesias,@AlanMCole
3/17/2019 2:18:05,@mattyglesias,@scottlincicome,@AlanMCole
3/17/2019 2:18:27,@AlanMCole,@scottlincicome,@mattyglesias
3/17/2019 2:18:32,@mattyglesias,@scottlincicome,@AlanMCole
3/17/2019 2:19:20,@mattyglesias,@scottlincicome,@AlanMCole
3/17/2019 2:19:42,@AlanMCole,@scottlincicome,@mattyglesias
3/17/2019 2:19:58,@mattyglesias,@AlanMCole,@scottlincicome
3/17/2019 2:20:08,@mattyglesias,@AlanMCole,@scottlincicome
3/17/2019 2:24:35,@mattyglesias,@AlanMCole,@scottlincicome
3/17/2019 2:26:31,@mattyglesias,@scottlincicome,@AlanMCole
3/17/2019 2:27:09,@AlanMCole,@scottlincicome,@mattyglesias
3/17/2019 2:29:27,@AlanMCole,@scottlincicome,@mattyglesias
3/17/2019 2:30:58,@scottlincicome,@AlanMCole,@mattyglesias
3/17/2019 2:32:12,@mattyglesias,@AlanMCole,@scottlincicome
3/17/2019 2:32:35,@mattyglesias,@scottlincicome,@AlanMCole
3/17/2019 2:33:48,@mattyglesias,@scottlincicome,@AlanMCole
3/17/2019 2:33:53,@scottlincicome,@AlanMCole,@mattyglesias
3/17/2019 2:35:20,@AlanMCole,@scottlincicome,@mattyglesias
3/17/2019 2:35:59,@scottlincicome,@AlanMCole,@mattyglesias
3/17/2019 2:36:01,@scottlincicome,@AlanMCole,@mattyglesias
3/17/2019 2:38:43,@scottlincicome,@mattyglesias,@AlanMCole
3/17/2019 2:39:30,@AlanMCole,@scottlincicome,@mattyglesias
3/17/2019 2:39:46,@AlanMCole,@scottlincicome,@mattyglesias
3/17/2019 2:39:57,@mattyglesias,@AlanMCole,@scottlincicome
3/17/2019 2:40:32,@mattyglesias,@scottlincicome,@AlanMCole
3/17/2019 2:42:56,@mattyglesias,@AlanMCole,@scottlincicome
3/17/2019 2:47:02,@AlanMCole,@scottlincicome,@mattyglesias
3/17/2019 2:48:04,@AlanMCole,@scottlincicome,@mattyglesias
3/17/2019 2:48:52,@mattyglesias,@mattyglesias,@mattyglesias
3/17/2019 2:49:00,@mattyglesias,@scottlincicome,@AlanMCole
3/17/2019 2:49:42,@mattyglesias,@scottlincicome,@AlanMCole
3/17/2019 2:52:07,@mattyglesias,@scottlincicome,@AlanMCole
3/17/2019 2:52:12,@scottlincicome,@AlanMCole,@mattyglesias
3/17/2019 2:52:46,@mattyglesias,@AlanMCole,@scottlincicome
3/17/2019 2:52:48,@AlanMCole,@scottlincicome,@mattyglesias
3/17/2019 2:54:05,@mattyglesias,@scottlincicome,@AlanMCole
3/17/2019 2:54:33,@scottlincicome,@AlanMCole,@mattyglesias
3/17/2019 2:55:00,@AlanMCole,@scottlincicome,@mattyglesias
3/17/2019 3:00:06,@scottlincicome,@mattyglesias,@AlanMCole
3/17/2019 3:03:02,@mattyglesias,@scottlincicome,@AlanMCole
3/17/2019 3:05:34,@mattyglesias,@scottlincicome,@AlanMCole
3/17/2019 3:08:39,@scottlincicome,@AlanMCole,@mattyglesias
3/17/2019 3:08:46,@scottlincicome,@AlanMCole,@mattyglesias
3/17/2019 3:09:02,@mattyglesias,@scottlincicome,@AlanMCole
3/17/2019 3:12:44,@mattyglesias,@AlanMCole,@scottlincicome
3/17/2019 3:16:01,@AlanMCole,@scottlincicome,@mattyglesias
3/17/2019 3:19:52,@mattyglesias,@scottlincicome,@AlanMCole
3/17/2019 3:23:07,@scottlincicome,@AlanMCole,@mattyglesias
3/17/2019 3:27:40,@mattyglesias,@scottlincicome,@AlanMCole
3/17/2019 3:35:49,@AlanMCole,@mattyglesias,@scottlincicome
3/17/2019 3:37:36,@scottlincicome,@AlanMCole,@mattyglesias
3/17/2019 3:39:15,@mattyglesias,@scottlincicome,@AlanMCole
3/17/2019 3:45:54,@mattyglesias,@scottlincicome,@AlanMCole
3/17/2019 3:45:58,@mattyglesias,@scottlincicome,@AlanMCole
3/17/2019 3:50:15,@mattyglesias,@AlanMCole,@scottlincicome
3/17/2019 3:56:56,@mattyglesias,@AlanMCole,@scottlincicome
3/17/2019 3:59:40,@mattyglesias,@AlanMCole,@scottlincicome
3/17/2019 4:00:52,@AlanMCole,@mattyglesias,@scottlincicome
3/17/2019 4:01:32,@scottlincicome,@mattyglesias,@AlanMCole
3/17/2019 4:12:01,@mattyglesias,@AlanMCole,@scottlincicome
3/17/2019 4:14:08,@scottlincicome,@AlanMCole,@mattyglesias
3/17/2019 4:19:49,@scottlincicome,@AlanMCole,@mattyglesias
3/17/2019 4:36:28,@AlanMCole,@scottlincicome,@mattyglesias
3/17/2019 4:38:13,@scottlincicome,@AlanMCole,@mattyglesias
3/17/2019 4:43:13,@scottlincicome,@AlanMCole,@mattyglesias
3/17/2019 4:45:08,@mattyglesias,@scottlincicome,@AlanMCole
3/17/2019 4:51:11,@scottlincicome,@AlanMCole,@mattyglesias
3/17/2019 4:51:12,@mattyglesias,@scottlincicome,@AlanMCole
3/17/2019 4:51:37,@AlanMCole,@scottlincicome,@mattyglesias
3/17/2019 4:52:47,@mattyglesias,@AlanMCole,@scottlincicome
3/17/2019 4:54:50,@AlanMCole,@scottlincicome,@mattyglesias
3/17/2019 4:59:02,@mattyglesias,@scottlincicome,@AlanMCole
3/17/2019 5:01:05,@AlanMCole,@scottlincicome,@mattyglesias
3/17/2019 5:01:30,@AlanMCole,@mattyglesias,@scottlincicome
3/17/2019 5:06:50,@scottlincicome,@AlanMCole,@mattyglesias
3/17/2019 5:09:59,,,
3/17/2019 5:21:06,@AlanMCole,@scottlincicome,@mattyglesias
3/17/2019 5:21:50,@scottlincicome,@mattyglesias,@AlanMCole
3/17/2019 5:22:02,@mattyglesias,@AlanMCole,@scottlincicome
3/17/2019 5:22:24,@scottlincicome,@mattyglesias,@AlanMCole
3/17/2019 5:27:26,@scottlincicome,@mattyglesias,@AlanMCole
3/17/2019 5:33:25,@scottlincicome,@AlanMCole,@mattyglesias
3/17/2019 5:37:00,@scottlincicome,@mattyglesias,@mattyglesias
3/17/2019 5:42:04,@mattyglesias,@scottlincicome,@AlanMCole
3/17/2019 5:42:55,@mattyglesias,@AlanMCole,@scottlincicome
3/17/2019 5:45:26,@mattyglesias,@AlanMCole,@scottlincicome
3/17/2019 5:46:46,@AlanMCole,@scottlincicome,@mattyglesias
3/17/2019 5:48:26,@mattyglesias,@AlanMCole,@scottlincicome
3/17/2019 5:56:46,@AlanMCole,@scottlincicome,@mattyglesias
3/17/2019 6:00:09,@scottlincicome,@AlanMCole,@mattyglesias
3/17/2019 6:03:15,@AlanMCole,@scottlincicome,@mattyglesias
3/17/2019 6:04:50,@AlanMCole,@scottlincicome,@mattyglesias
3/17/2019 6:07:26,@mattyglesias,@scottlincicome,@AlanMCole
3/17/2019 6:13:32,@mattyglesias,@AlanMCole,@scottlincicome
3/17/2019 6:17:03,@scottlincicome,@mattyglesias,@AlanMCole
3/17/2019 6:18:35,@mattyglesias,@scottlincicome,@AlanMCole
3/17/2019 6:20:58,@mattyglesias,@AlanMCole,@scottlincicome
3/17/2019 6:21:35,@mattyglesias,@scottlincicome,@AlanMCole
3/17/2019 6:23:07,@mattyglesias,@AlanMCole,@scottlincicome
3/17/2019 6:23:41,@mattyglesias,@scottlincicome,@AlanMCole
3/17/2019 6:24:17,@mattyglesias,@scottlincicome,@AlanMCole
3/17/2019 6:25:49,@mattyglesias,@scottlincicome,@AlanMCole
3/17/2019 6:26:45,@mattyglesias,@mattyglesias,@mattyglesias
3/17/2019 6:26:49,@mattyglesias,@mattyglesias,@mattyglesias
3/17/2019 6:27:10,@mattyglesias,@scottlincicome,@AlanMCole
3/17/2019 6:27:19,@scottlincicome,@AlanMCole,@mattyglesias
3/17/2019 6:27:34,@AlanMCole,@mattyglesias,@scottlincicome
3/17/2019 6:27:47,@scottlincicome,@AlanMCole,@mattyglesias
3/17/2019 6:27:53,@mattyglesias,@scottlincicome,@AlanMCole
3/17/2019 6:32:36,@mattyglesias,@AlanMCole,@scottlincicome
3/17/2019 6:32:39,@mattyglesias,@scottlincicome,@AlanMCole
3/17/2019 6:34:29,@mattyglesias,@scottlincicome,@AlanMCole
3/17/2019 6:34:33,@mattyglesias,@scottlincicome,@AlanMCole
3/17/2019 6:35:51,@mattyglesias,@scottlincicome,@AlanMCole
3/17/2019 6:36:13,@mattyglesias,@scottlincicome,@AlanMCole
3/17/2019 6:37:12,@mattyglesias,@scottlincicome,@AlanMCole
3/17/2019 6:37:40,@scottlincicome,@AlanMCole,@mattyglesias
3/17/2019 6:38:21,@AlanMCole,@scottlincicome,@mattyglesias
3/17/2019 6:38:38,@mattyglesias,@scottlincicome,@AlanMCole
3/17/2019 6:39:18,@mattyglesias,@AlanMCole,@scottlincicome
3/17/2019 6:39:27,@mattyglesias,@AlanMCole,@scottlincicome
3/17/2019 6:39:43,@mattyglesias,@scottlincicome,@AlanMCole
3/17/2019 6:41:45,@mattyglesias,@mattyglesias,@mattyglesias
3/17/2019 6:43:15,@AlanMCole,@scottlincicome,@mattyglesias
3/17/2019 6:44:07,@scottlincicome,@mattyglesias,@AlanMCole
3/17/2019 6:48:35,@mattyglesias,@scottlincicome,@AlanMCole
3/17/2019 6:48:44,@mattyglesias,@mattyglesias,@mattyglesias
3/17/2019 6:49:24,@AlanMCole,@scottlincicome,@mattyglesias
3/17/2019 6:51:24,@AlanMCole,@scottlincicome,@mattyglesias
3/17/2019 6:51:44,@mattyglesias,@scottlincicome,@AlanMCole
3/17/2019 6:52:19,@AlanMCole,@AlanMCole,@AlanMCole
3/17/2019 6:52:49,@scottlincicome,@AlanMCole,@mattyglesias
3/17/2019 6:53:08,@AlanMCole,@scottlincicome,@mattyglesias
3/17/2019 6:53:28,@AlanMCole,@scottlincicome,@mattyglesias
3/17/2019 6:53:46,@mattyglesias,@AlanMCole,@scottlincicome
3/17/2019 6:53:47,@mattyglesias,@AlanMCole,@scottlincicome
3/17/2019 6:53:51,@mattyglesias,@scottlincicome,@AlanMCole
3/17/2019 6:54:07,@mattyglesias,@scottlincicome,@AlanMCole
3/17/2019 6:54:47,@mattyglesias,@AlanMCole,@scottlincicome
3/17/2019 6:54:52,@scottlincicome,@AlanMCole,@mattyglesias
3/17/2019 6:55:00,@AlanMCole,@scottlincicome,@mattyglesias
3/17/2019 6:55:36,@mattyglesias,@scottlincicome,@AlanMCole
3/17/2019 6:55:50,@AlanMCole,@scottlincicome,@mattyglesias
3/17/2019 6:56:27,@mattyglesias,@scottlincicome,@AlanMCole
3/17/2019 6:57:33,@mattyglesias,@scottlincicome,@AlanMCole
3/17/2019 6:58:40,@scottlincicome,@AlanMCole,@mattyglesias
3/17/2019 6:59:12,@scottlincicome,@AlanMCole,@mattyglesias
3/17/2019 6:59:17,@mattyglesias,@mattyglesias,@mattyglesias
3/17/2019 6:59:46,@mattyglesias,@scottlincicome,@AlanMCole
3/17/2019 6:59:47,@mattyglesias,@AlanMCole,@scottlincicome
3/17/2019 7:00:38,@mattyglesias,@scottlincicome,@AlanMCole
3/17/2019 7:02:04,@scottlincicome,@AlanMCole,@mattyglesias
3/17/2019 7:02:46,@scottlincicome,@mattyglesias,@AlanMCole
3/17/2019 7:03:44,@mattyglesias,@AlanMCole,@scottlincicome
3/17/2019 7:04:34,@mattyglesias,@scottlincicome,@AlanMCole
3/17/2019 7:05:43,@mattyglesias,@AlanMCole,@scottlincicome
3/17/2019 7:06:27,@mattyglesias,@scottlincicome,@AlanMCole
3/17/2019 7:06:48,@mattyglesias,@scottlincicome,@AlanMCole
3/17/2019 7:07:03,@mattyglesias,@scottlincicome,@AlanMCole
3/17/2019 7:07:42,@mattyglesias,@AlanMCole,@scottlincicome
3/17/2019 7:11:01,@AlanMCole,@scottlincicome,@mattyglesias
3/17/2019 7:12:15,@mattyglesias,@scottlincicome,@AlanMCole
3/17/2019 7:13:15,@mattyglesias,@mattyglesias,@mattyglesias
3/17/2019 7:13:25,@scottlincicome,@AlanMCole,@mattyglesias
3/17/2019 7:14:17,@mattyglesias,@scottlincicome,@AlanMCole
3/17/2019 7:14:50,@mattyglesias,@AlanMCole,@scottlincicome
3/17/2019 7:15:08,@AlanMCole,@scottlincicome,@mattyglesias
3/17/2019 7:16:12,@scottlincicome,@AlanMCole,@mattyglesias
3/17/2019 7:17:23,@mattyglesias,@AlanMCole,@scottlincicome
3/17/2019 7:18:39,@mattyglesias,@AlanMCole,@scottlincicome
3/17/2019 7:22:07,@mattyglesias,@scottlincicome,@AlanMCole
3/17/2019 7:22:25,@mattyglesias,@scottlincicome,@AlanMCole
3/17/2019 7:23:01,@mattyglesias,@scottlincicome,@AlanMCole
3/17/2019 7:23:13,@scottlincicome,@AlanMCole,@mattyglesias
3/17/2019 7:25:35,@mattyglesias,@scottlincicome,@AlanMCole
3/17/2019 7:27:01,@mattyglesias,@scottlincicome,@AlanMCole
3/17/2019 7:29:00,@mattyglesias,@scottlincicome,@AlanMCole
3/17/2019 7:30:24,@scottlincicome,@AlanMCole,@mattyglesias
3/17/2019 7:32:05,@mattyglesias,@scottlincicome,@AlanMCole
3/17/2019 7:32:57,@mattyglesias,@scottlincicome,@AlanMCole
3/17/2019 7:32:58,@mattyglesias,@AlanMCole,@scottlincicome
3/17/2019 7:37:04,@mattyglesias,@scottlincicome,@AlanMCole
3/17/2019 7:37:37,@scottlincicome,@AlanMCole,@mattyglesias
3/17/2019 7:38:36,@scottlincicome,@mattyglesias,@AlanMCole
3/17/2019 7:39:35,@scottlincicome,@mattyglesias,@AlanMCole
3/17/2019 7:40:01,@mattyglesias,@scottlincicome,@AlanMCole
3/17/2019 7:42:53,@AlanMCole,@scottlincicome,@mattyglesias
3/17/2019 7:45:45,@mattyglesias,@scottlincicome,@AlanMCole
3/17/2019 7:46:48,@mattyglesias,@scottlincicome,@AlanMCole
3/17/2019 7:46:59,@scottlincicome,@AlanMCole,@AlanMCole
3/17/2019 7:47:08,@scottlincicome,@AlanMCole,@mattyglesias
3/17/2019 7:47:31,@scottlincicome,@AlanMCole,@mattyglesias
3/17/2019 7:47:32,@AlanMCole,@scottlincicome,@mattyglesias
3/17/2019 7:48:28,@mattyglesias,@AlanMCole,@scottlincicome
3/17/2019 7:48:34,@mattyglesias,@AlanMCole,@scottlincicome
3/17/2019 7:48:56,@mattyglesias,@scottlincicome,@AlanMCole
3/17/2019 7:49:02,@mattyglesias,@scottlincicome,@AlanMCole
3/17/2019 7:50:06,@mattyglesias,@scottlincicome,@AlanMCole
3/17/2019 7:50:13,@mattyglesias,@mattyglesias,@mattyglesias
3/17/2019 7:51:15,@scottlincicome,@AlanMCole,@mattyglesias
3/17/2019 7:52:24,@mattyglesias,@mattyglesias,@mattyglesias
3/17/2019 7:53:03,@mattyglesias,@AlanMCole,@mattyglesias
3/17/2019 7:53:23,@scottlincicome,@AlanMCole,@mattyglesias
3/17/2019 7:57:22,@mattyglesias,@AlanMCole,@scottlincicome
3/17/2019 7:57:56,@scottlincicome,@AlanMCole,@mattyglesias
3/17/2019 7:58:24,@AlanMCole,@scottlincicome,@mattyglesias
3/17/2019 7:58:43,@AlanMCole,@scottlincicome,@mattyglesias
3/17/2019 7:59:08,@mattyglesias,@AlanMCole,@scottlincicome
3/17/2019 8:00:33,@mattyglesias,@AlanMCole,@scottlincicome
3/17/2019 8:01:03,@AlanMCole,@scottlincicome,@mattyglesias
3/17/2019 8:01:25,@mattyglesias,@scottlincicome,@AlanMCole
3/17/2019 8:03:32,@scottlincicome,@AlanMCole,@mattyglesias
3/17/2019 8:03:45,@mattyglesias,@scottlincicome,@AlanMCole
3/17/2019 8:04:18,@scottlincicome,@AlanMCole,@mattyglesias
3/17/2019 8:05:01,@mattyglesias,@AlanMCole,@scottlincicome
3/17/2019 8:05:05,@mattyglesias,@mattyglesias,@mattyglesias
3/17/2019 8:06:03,@scottlincicome,@AlanMCole,@mattyglesias
3/17/2019 8:06:55,@AlanMCole,@scottlincicome,@mattyglesias
3/17/2019 8:07:10,@mattyglesias,@scottlincicome,@AlanMCole
3/17/2019 8:07:42,@mattyglesias,@scottlincicome,@AlanMCole
3/17/2019 8:08:15,@mattyglesias,@scottlincicome,@AlanMCole
3/17/2019 8:08:43,@mattyglesias,@AlanMCole,@scottlincicome
3/17/2019 8:09:00,@AlanMCole,@mattyglesias,@scottlincicome
3/17/2019 8:09:54,@scottlincicome,@mattyglesias,@AlanMCole
3/17/2019 8:10:05,@scottlincicome,@scottlincicome,@mattyglesias
3/17/2019 8:10:26,@scottlincicome,@AlanMCole,@mattyglesias
3/17/2019 8:11:13,@mattyglesias,@scottlincicome,@AlanMCole
3/17/2019 8:11:19,@mattyglesias,@scottlincicome,@AlanMCole
3/17/2019 8:12:26,@scottlincicome,@mattyglesias,@AlanMCole
3/17/2019 8:13:56,@AlanMCole,@scottlincicome,@mattyglesias
3/17/2019 8:15:31,@mattyglesias,@scottlincicome,@AlanMCole
3/17/2019 8:15:41,@mattyglesias,@scottlincicome,@AlanMCole
3/17/2019 8:16:06,@mattyglesias,@scottlincicome,@AlanMCole
3/17/2019 8:16:07,@AlanMCole,@scottlincicome,@mattyglesias
3/17/2019 8:16:36,@mattyglesias,@scottlincicome,@AlanMCole
3/17/2019 8:18:21,@mattyglesias,@scottlincicome,@AlanMCole
3/17/2019 8:18:27,@mattyglesias,@scottlincicome,@AlanMCole
3/17/2019 8:19:05,@mattyglesias,@AlanMCole,@scottlincicome
3/17/2019 8:19:07,@mattyglesias,@AlanMCole,@scottlincicome
3/17/2019 8:20:21,@mattyglesias,@scottlincicome,@AlanMCole
3/17/2019 8:20:32,@mattyglesias,@mattyglesias,@mattyglesias
3/17/2019 8:21:40,@mattyglesias,@AlanMCole,@scottlincicome
3/17/2019 8:22:15,@AlanMCole,@scottlincicome,@mattyglesias
3/17/2019 8:22:30,@mattyglesias,@scottlincicome,@AlanMCole
3/17/2019 8:24:22,@mattyglesias,@scottlincicome,@AlanMCole
3/17/2019 8:25:30,@AlanMCole,@scottlincicome,@mattyglesias
3/17/2019 8:25:30,@mattyglesias,@AlanMCole,@scottlincicome
3/17/2019 8:27:24,@mattyglesias,@scottlincicome,@AlanMCole
3/17/2019 8:28:08,@mattyglesias,@scottlincicome,@AlanMCole
3/17/2019 8:28:37,@mattyglesias,@scottlincicome,@AlanMCole
3/17/2019 8:28:51,@mattyglesias,@scottlincicome,@AlanMCole
3/17/2019 8:29:02,@mattyglesias,@AlanMCole,@scottlincicome
3/17/2019 8:29:05,@scottlincicome,@scottlincicome,@scottlincicome
3/17/2019 8:29:52,@mattyglesias,@scottlincicome,@AlanMCole
3/17/2019 8:30:10,@mattyglesias,@scottlincicome,@AlanMCole
3/17/2019 8:30:59,@scottlincicome,@AlanMCole,@mattyglesias
3/17/2019 8:32:56,@scottlincicome,@AlanMCole,@mattyglesias
3/17/2019 8:33:06,@scottlincicome,@AlanMCole,@mattyglesias
3/17/2019 8:34:12,@scottlincicome,@mattyglesias,@AlanMCole
3/17/2019 8:34:28,@scottlincicome,@AlanMCole,@scottlincicome
3/17/2019 8:35:42,@mattyglesias,@scottlincicome,@AlanMCole
3/17/2019 8:35:55,@mattyglesias,@AlanMCole,@scottlincicome
3/17/2019 8:36:15,"@scottlincicome, @AlanMCole","@scottlincicome, @AlanMCole","@scottlincicome, @AlanMCole"
3/17/2019 8:36:25,@scottlincicome,@AlanMCole,@mattyglesias
3/17/2019 8:36:31,@mattyglesias,@AlanMCole,@scottlincicome
3/17/2019 8:36:39,@mattyglesias,@AlanMCole,@scottlincicome
3/17/2019 8:36:44,@mattyglesias,@scottlincicome,@AlanMCole
3/17/2019 8:37:10,@mattyglesias,@scottlincicome,@AlanMCole
3/17/2019 8:38:24,@scottlincicome,@AlanMCole,@mattyglesias
3/17/2019 8:38:55,@scottlincicome,@scottlincicome,@scottlincicome
3/17/2019 8:39:06,@mattyglesias,@scottlincicome,@AlanMCole
3/17/2019 8:39:23,@scottlincicome,@AlanMCole,@mattyglesias
3/17/2019 8:40:04,@mattyglesias,@scottlincicome,@AlanMCole
3/17/2019 8:40:17,@scottlincicome,@AlanMCole,@mattyglesias
3/17/2019 8:40:54,@scottlincicome,@mattyglesias,@AlanMCole
3/17/2019 8:41:14,@mattyglesias,@scottlincicome,@AlanMCole
3/17/2019 8:41:36,@scottlincicome,@AlanMCole,@mattyglesias
3/17/2019 8:42:04,@AlanMCole,@scottlincicome,@mattyglesias
3/17/2019 8:42:07,@scottlincicome,@scottlincicome,@scottlincicome
3/17/2019 8:42:08,@scottlincicome,@AlanMCole,@mattyglesias
3/17/2019 8:42:16,@mattyglesias,@AlanMCole,@scottlincicome
3/17/2019 8:42:22,@scottlincicome,@scottlincicome,@scottlincicome
3/17/2019 8:42:38,@scottlincicome,@mattyglesias,@AlanMCole
3/17/2019 8:43:17,@AlanMCole,@AlanMCole,@AlanMCole
3/17/2019 8:43:54,@mattyglesias,@scottlincicome,@AlanMCole
3/17/2019 8:44:03,@mattyglesias,@scottlincicome,@AlanMCole
3/17/2019 8:44:05,@mattyglesias,@mattyglesias,@mattyglesias
3/17/2019 8:44:28,@mattyglesias,@scottlincicome,@AlanMCole
3/17/2019 8:46:25,@mattyglesias,@scottlincicome,@AlanMCole
3/17/2019 8:46:41,@mattyglesias,@scottlincicome,@AlanMCole
3/17/2019 8:46:53,@mattyglesias,@AlanMCole,@scottlincicome
3/17/2019 8:46:55,@mattyglesias,@scottlincicome,@AlanMCole
3/17/2019 8:47:18,@scottlincicome,@mattyglesias,@AlanMCole
3/17/2019 8:47:18,@scottlincicome,@mattyglesias,@AlanMCole
3/17/2019 8:47:58,@mattyglesias,@mattyglesias,@mattyglesias
3/17/2019 8:48:02,@mattyglesias,@scottlincicome,@AlanMCole
3/17/2019 8:48:05,@scottlincicome,@AlanMCole,@mattyglesias
3/17/2019 8:48:14,@mattyglesias,@scottlincicome,@AlanMCole
3/17/2019 8:48:24,@mattyglesias,@scottlincicome,@AlanMCole
3/17/2019 8:48:45,@mattyglesias,@AlanMCole,@scottlincicome
3/17/2019 8:49:12,@mattyglesias,@scottlincicome,@AlanMCole
3/17/2019 8:50:10,@mattyglesias,@scottlincicome,@AlanMCole
3/17/2019 8:50:11,@mattyglesias,@scottlincicome,@AlanMCole
3/17/2019 8:51:06,@mattyglesias,@AlanMCole,@scottlincicome
3/17/2019 8:51:26,@scottlincicome,@AlanMCole,@AlanMCole
3/17/2019 8:51:43,@mattyglesias,@scottlincicome,@AlanMCole
3/17/2019 8:52:14,@scottlincicome,@AlanMCole,@AlanMCole
3/17/2019 8:52:22,@AlanMCole,@scottlincicome,@mattyglesias
3/17/2019 8:52:25,@mattyglesias,@scottlincicome,@AlanMCole
3/17/2019 8:52:27,@scottlincicome,@mattyglesias,@AlanMCole
3/17/2019 8:52:30,@scottlincicome,@AlanMCole,@mattyglesias
3/17/2019 8:52:38,@scottlincicome,@mattyglesias,@AlanMCole
3/17/2019 8:52:51,@scottlincicome,@mattyglesias,@AlanMCole
3/17/2019 8:53:21,@mattyglesias,@scottlincicome,@AlanMCole
3/17/2019 8:53:30,@mattyglesias,@scottlincicome,@AlanMCole
3/17/2019 8:54:06,@mattyglesias,@scottlincicome,@AlanMCole
3/17/2019 8:54:40,@scottlincicome,@AlanMCole,@mattyglesias
3/17/2019 8:54:41,@scottlincicome,@mattyglesias,@AlanMCole
3/17/2019 8:54:43,@AlanMCole,@scottlincicome,@mattyglesias
3/17/2019 8:55:04,@scottlincicome,@AlanMCole,@mattyglesias
3/17/2019 8:55:06,@scottlincicome,@mattyglesias,@AlanMCole
3/17/2019 8:56:06,@mattyglesias,@scottlincicome,@AlanMCole
3/17/2019 8:56:27,@scottlincicome,@mattyglesias,@AlanMCole
3/17/2019 8:56:57,@scottlincicome,@mattyglesias,@AlanMCole
3/17/2019 8:57:07,@AlanMCole,@scottlincicome,@mattyglesias
3/17/2019 8:58:06,@scottlincicome,@mattyglesias,@AlanMCole
3/17/2019 8:59:32,@scottlincicome,@AlanMCole,@mattyglesias
3/17/2019 9:00:09,@scottlincicome,@AlanMCole,@mattyglesias
3/17/2019 9:00:12,@mattyglesias,@scottlincicome,@AlanMCole
3/17/2019 9:00:25,@scottlincicome,@AlanMCole,@mattyglesias
3/17/2019 9:01:09,@mattyglesias,@scottlincicome,@AlanMCole
3/17/2019 9:01:42,@mattyglesias,@scottlincicome,@AlanMCole
3/17/2019 9:01:51,@mattyglesias,@scottlincicome,@AlanMCole
3/17/2019 9:01:52,@scottlincicome,@mattyglesias,@AlanMCole
3/17/2019 9:02:11,@scottlincicome,@AlanMCole,@mattyglesias
3/17/2019 9:02:15,@scottlincicome,@AlanMCole,@mattyglesias
3/17/2019 9:02:19,@mattyglesias,@scottlincicome,@AlanMCole
3/17/2019 9:02:23,@scottlincicome,@mattyglesias,@AlanMCole
3/17/2019 9:02:29,@mattyglesias,@scottlincicome,@AlanMCole
3/17/2019 9:02:50,@mattyglesias,@scottlincicome,@AlanMCole
3/17/2019 9:02:58,@mattyglesias,@scottlincicome,@AlanMCole
3/17/2019 9:03:38,@scottlincicome,@AlanMCole,@mattyglesias
3/17/2019 9:03:53,@mattyglesias,@AlanMCole,@scottlincicome
3/17/2019 9:03:58,@scottlincicome,@AlanMCole,@mattyglesias
3/17/2019 9:04:23,@mattyglesias,@scottlincicome,@AlanMCole
3/17/2019 9:05:02,@scottlincicome,@AlanMCole,@mattyglesias
3/17/2019 9:05:55,@scottlincicome,@AlanMCole,@mattyglesias
3/17/2019 9:06:02,@mattyglesias,@scottlincicome,@AlanMCole
3/17/2019 9:06:14,@mattyglesias,@AlanMCole,@scottlincicome
3/17/2019 9:06:31,@mattyglesias,@mattyglesias,@mattyglesias
3/17/2019 9:06:32,@mattyglesias,@scottlincicome,@AlanMCole
3/17/2019 9:06:37,@mattyglesias,@AlanMCole,@scottlincicome
3/17/2019 9:06:43,@scottlincicome,@AlanMCole,@mattyglesias
3/17/2019 9:07:47,@scottlincicome,@mattyglesias,@AlanMCole
3/17/2019 9:07:47,@scottlincicome,@AlanMCole,@mattyglesias
3/17/2019 9:08:00,@mattyglesias,@AlanMCole,@scottlincicome
3/17/2019 9:10:07,@mattyglesias,@scottlincicome,@AlanMCole
3/17/2019 9:10:19,@mattyglesias,@AlanMCole,@scottlincicome
3/17/2019 9:11:25,@scottlincicome,@AlanMCole,@mattyglesias
3/17/2019 9:11:52,@AlanMCole,@scottlincicome,@mattyglesias
3/17/2019 9:11:58,@mattyglesias,@scottlincicome,@AlanMCole
3/17/2019 9:12:38,@mattyglesias,@scottlincicome,@AlanMCole
3/17/2019 9:12:51,@scottlincicome,@AlanMCole,@mattyglesias
3/17/2019 9:13:04,@mattyglesias,@scottlincicome,@AlanMCole
3/17/2019 9:14:08,@mattyglesias,@AlanMCole,@scottlincicome
3/17/2019 9:14:51,@scottlincicome,@AlanMCole,@mattyglesias
3/17/2019 9:15:03,@scottlincicome,@AlanMCole,@mattyglesias
3/17/2019 9:15:09,@scottlincicome,@mattyglesias,@AlanMCole
3/17/2019 9:15:21,@mattyglesias,@AlanMCole,@scottlincicome
3/17/2019 9:15:22,@mattyglesias,@AlanMCole,@scottlincicome
3/17/2019 9:16:19,@mattyglesias,@scottlincicome,@AlanMCole
3/17/2019 9:17:11,@mattyglesias,@mattyglesias,@scottlincicome
3/17/2019 9:17:23,@AlanMCole,@scottlincicome,@mattyglesias
3/17/2019 9:17:25,@scottlincicome,@scottlincicome,@scottlincicome
3/17/2019 9:19:44,@mattyglesias,@scottlincicome,@AlanMCole
3/17/2019 9:20:03,@mattyglesias,@AlanMCole,@scottlincicome
3/17/2019 9:20:10,@mattyglesias,@scottlincicome,@AlanMCole
3/17/2019 9:20:22,@scottlincicome,@mattyglesias,@AlanMCole
3/17/2019 9:20:51,@mattyglesias,@scottlincicome,@AlanMCole
3/17/2019 9:21:03,@mattyglesias,@AlanMCole,@scottlincicome
3/17/2019 9:22:36,@mattyglesias,@AlanMCole,@scottlincicome
3/17/2019 9:22:37,@mattyglesias,@scottlincicome,@AlanMCole
3/17/2019 9:22:39,@scottlincicome,@scottlincicome,@scottlincicome
3/17/2019 9:23:06,@scottlincicome,@AlanMCole,@mattyglesias
3/17/2019 9:23:50,@mattyglesias,@scottlincicome,@AlanMCole
3/17/2019 9:23:54,@scottlincicome,@AlanMCole,@mattyglesias
3/17/2019 9:24:27,@mattyglesias,@scottlincicome,@AlanMCole
3/17/2019 9:25:10,@scottlincicome,@AlanMCole,@mattyglesias
3/17/2019 9:25:23,@scottlincicome,@AlanMCole,@mattyglesias
3/17/2019 9:25:25,@scottlincicome,@AlanMCole,@mattyglesias
3/17/2019 9:25:37,@scottlincicome,@AlanMCole,@mattyglesias
3/17/2019 9:25:51,@scottlincicome,@AlanMCole,@mattyglesias
3/17/2019 9:26:30,@scottlincicome,@AlanMCole,@mattyglesias
3/17/2019 9:27:26,@scottlincicome,@scottlincicome,@scottlincicome
3/17/2019 9:27:36,@mattyglesias,@scottlincicome,@AlanMCole
3/17/2019 9:27:53,@scottlincicome,@AlanMCole,@mattyglesias
3/17/2019 9:28:55,@scottlincicome,@AlanMCole,@mattyglesias
3/17/2019 9:29:19,@scottlincicome,@AlanMCole,@mattyglesias
3/17/2019 9:29:27,@mattyglesias,@AlanMCole,@scottlincicome
3/17/2019 9:30:02,@scottlincicome,@mattyglesias,@AlanMCole
3/17/2019 9:30:34,@scottlincicome,@AlanMCole,@mattyglesias
3/17/2019 9:30:40,@mattyglesias,@scottlincicome,@AlanMCole
3/17/2019 9:30:58,@scottlincicome,@AlanMCole,@mattyglesias
3/17/2019 9:31:11,@scottlincicome,@AlanMCole,@mattyglesias
3/17/2019 9:33:34,@mattyglesias,@scottlincicome,@AlanMCole
3/17/2019 9:33:54,@mattyglesias,@AlanMCole,@scottlincicome
3/17/2019 9:34:16,@mattyglesias,@AlanMCole,@scottlincicome
3/17/2019 9:34:50,@scottlincicome,@scottlincicome,@scottlincicome
3/17/2019 9:35:06,@mattyglesias,@AlanMCole,@scottlincicome
3/17/2019 9:36:36,@scottlincicome,@AlanMCole,@mattyglesias
3/17/2019 9:37:23,@mattyglesias,@mattyglesias,@mattyglesias
3/17/2019 9:37:32,@AlanMCole,@scottlincicome,@mattyglesias
3/17/2019 9:37:42,@mattyglesias,@scottlincicome,@AlanMCole
3/17/2019 9:37:52,@scottlincicome,@AlanMCole,@mattyglesias
3/17/2019 9:38:21,@scottlincicome,@AlanMCole,@mattyglesias
3/17/2019 9:39:50,@scottlincicome,@scottlincicome,@scottlincicome
3/17/2019 9:39:52,@scottlincicome,@AlanMCole,@mattyglesias
3/17/2019 9:40:34,@mattyglesias,@scottlincicome,@AlanMCole
3/17/2019 9:40:34,@mattyglesias,@scottlincicome,@AlanMCole
3/17/2019 9:40:46,@mattyglesias,@scottlincicome,@AlanMCole
3/17/2019 9:40:54,@mattyglesias,@scottlincicome,@AlanMCole
3/17/2019 9:41:10,@scottlincicome,@mattyglesias,@AlanMCole
3/17/2019 9:42:12,@mattyglesias,@scottlincicome,@AlanMCole
3/17/2019 9:42:42,@mattyglesias,@scottlincicome,@AlanMCole
3/17/2019 9:42:50,@mattyglesias,@scottlincicome,@AlanMCole
3/17/2019 9:43:14,@mattyglesias,@scottlincicome,@AlanMCole
3/17/2019 9:45:00,@scottlincicome,@AlanMCole,@mattyglesias
3/17/2019 9:45:42,@scottlincicome,@AlanMCole,@mattyglesias
3/17/2019 9:45:45,"@scottlincicome, @AlanMCole","@scottlincicome, @AlanMCole","@scottlincicome, @AlanMCole"
3/17/2019 9:46:04,@AlanMCole,@scottlincicome,@mattyglesias
3/17/2019 9:47:05,@mattyglesias,@scottlincicome,@AlanMCole
3/17/2019 9:47:06,@scottlincicome,@AlanMCole,@mattyglesias
3/17/2019 9:47:40,@scottlincicome,@AlanMCole,@mattyglesias
3/17/2019 9:48:17,@scottlincicome,@scottlincicome,@scottlincicome
3/17/2019 9:48:53,@mattyglesias,@AlanMCole,@scottlincicome
3/17/2019 9:50:10,@mattyglesias,@scottlincicome,@AlanMCole
3/17/2019 9:50:39,@scottlincicome,@mattyglesias,@AlanMCole
3/17/2019 9:51:19,@mattyglesias,@scottlincicome,@AlanMCole
3/17/2019 9:51:34,@mattyglesias,@scottlincicome,@AlanMCole
3/17/2019 9:53:12,@scottlincicome,@mattyglesias,@AlanMCole
3/17/2019 9:53:25,@mattyglesias,@scottlincicome,@AlanMCole
3/17/2019 9:53:35,@scottlincicome,@AlanMCole,@mattyglesias
3/17/2019 9:53:52,@mattyglesias,@scottlincicome,@AlanMCole
3/17/2019 9:55:52,@scottlincicome,@scottlincicome,@scottlincicome
3/17/2019 9:56:02,@mattyglesias,@scottlincicome,@AlanMCole
3/17/2019 9:57:10,@mattyglesias,@scottlincicome,@AlanMCole
3/17/2019 9:57:29,@scottlincicome,@AlanMCole,@mattyglesias
3/17/2019 9:57:30,@mattyglesias,@AlanMCole,@scottlincicome
3/17/2019 9:57:52,@mattyglesias,@scottlincicome,@AlanMCole
3/17/2019 9:57:57,@mattyglesias,@scottlincicome,@AlanMCole
3/17/2019 9:57:59,@scottlincicome,@AlanMCole,@mattyglesias
3/17/2019 9:58:17,@mattyglesias,@scottlincicome,@AlanMCole
3/17/2019 9:58:34,@mattyglesias,@AlanMCole,@scottlincicome
3/17/2019 9:58:54,@mattyglesias,@scottlincicome,@AlanMCole
3/17/2019 9:59:00,@mattyglesias,@scottlincicome,@AlanMCole
3/17/2019 9:59:16,@scottlincicome,@AlanMCole,@mattyglesias
3/17/2019 9:59:28,@mattyglesias,@AlanMCole,@scottlincicome
3/17/2019 10:00:00,@scottlincicome,@mattyglesias,@AlanMCole
3/17/2019 10:00:33,@AlanMCole,@scottlincicome,@mattyglesias
3/17/2019 10:00:59,@scottlincicome,@mattyglesias,@AlanMCole
3/17/2019 10:01:29,@mattyglesias,@AlanMCole,@scottlincicome
3/17/2019 10:02:07,@scottlincicome,@AlanMCole,@mattyglesias
3/17/2019 10:02:38,@scottlincicome,@AlanMCole,@mattyglesias
3/17/2019 10:02:39,@mattyglesias,@scottlincicome,@AlanMCole
3/17/2019 10:02:43,@mattyglesias,@scottlincicome,@AlanMCole
3/17/2019 10:03:01,@mattyglesias,@scottlincicome,@AlanMCole
3/17/2019 10:03:34,@scottlincicome,@AlanMCole,@mattyglesias
3/17/2019 10:03:46,@mattyglesias,@scottlincicome,@AlanMCole
3/17/2019 10:04:48,@mattyglesias,@scottlincicome,@AlanMCole
3/17/2019 10:05:05,@AlanMCole,@scottlincicome,@mattyglesias
3/17/2019 10:05:32,@scottlincicome,@mattyglesias,@AlanMCole
3/17/2019 10:05:58,@AlanMCole,@scottlincicome,@mattyglesias
3/17/2019 10:06:04,@scottlincicome,@AlanMCole,@mattyglesias
3/17/2019 10:06:39,@scottlincicome,@AlanMCole,@mattyglesias
3/17/2019 10:06:40,@mattyglesias,@AlanMCole,@scottlincicome
3/17/2019 10:06:44,@mattyglesias,@AlanMCole,@scottlincicome
3/17/2019 10:06:47,@scottlincicome,@AlanMCole,@mattyglesias
3/17/2019 10:07:43,@AlanMCole,@scottlincicome,@mattyglesias
3/17/2019 10:08:21,@mattyglesias,@scottlincicome,@AlanMCole
3/17/2019 10:09:26,@mattyglesias,@AlanMCole,@scottlincicome
3/17/2019 10:10:09,@mattyglesias,@scottlincicome,@AlanMCole
3/17/2019 10:10:10,@scottlincicome,@mattyglesias,@AlanMCole
3/17/2019 10:10:49,@mattyglesias,@AlanMCole,@scottlincicome
3/17/2019 10:11:42,@mattyglesias,@scottlincicome,@AlanMCole
3/17/2019 10:11:52,@scottlincicome,@AlanMCole,@mattyglesias
3/17/2019 10:12:31,@AlanMCole,@scottlincicome,@mattyglesias
3/17/2019 10:12:57,@scottlincicome,@AlanMCole,@mattyglesias
3/17/2019 10:13:10,@mattyglesias,@scottlincicome,@AlanMCole
3/17/2019 10:13:23,@mattyglesias,@scottlincicome,@AlanMCole
3/17/2019 10:14:22,@mattyglesias,@scottlincicome,@AlanMCole
3/17/2019 10:14:42,@mattyglesias,@scottlincicome,@AlanMCole
3/17/2019 10:14:43,@scottlincicome,@AlanMCole,@mattyglesias
3/17/2019 10:15:02,@AlanMCole,@scottlincicome,@mattyglesias
3/17/2019 10:15:04,@mattyglesias,@scottlincicome,@AlanMCole
3/17/2019 10:16:01,@scottlincicome,@AlanMCole,@mattyglesias
3/17/2019 10:16:22,@mattyglesias,@AlanMCole,@scottlincicome
3/17/2019 10:16:27,@mattyglesias,@scottlincicome,@AlanMCole
3/17/2019 10:16:41,@mattyglesias,@scottlincicome,@scottlincicome
3/17/2019 10:16:46,@scottlincicome,@AlanMCole,@mattyglesias
3/17/2019 10:17:01,@mattyglesias,@AlanMCole,@scottlincicome
3/17/2019 10:17:14,@AlanMCole,@scottlincicome,@mattyglesias
3/17/2019 10:17:15,@mattyglesias,@scottlincicome,@AlanMCole
3/17/2019 10:17:17,@mattyglesias,@scottlincicome,@AlanMCole
3/17/2019 10:18:05,@AlanMCole,@scottlincicome,@mattyglesias
3/17/2019 10:18:23,@mattyglesias,@mattyglesias,@mattyglesias
3/17/2019 10:18:26,@AlanMCole,@scottlincicome,@mattyglesias
3/17/2019 10:18:49,@scottlincicome,@AlanMCole,@mattyglesias
3/17/2019 10:18:53,@AlanMCole,@scottlincicome,@mattyglesias
3/17/2019 10:19:48,@AlanMCole,@mattyglesias,@scottlincicome
3/17/2019 10:20:21,@mattyglesias,@scottlincicome,@AlanMCole
3/17/2019 10:20:31,@mattyglesias,@scottlincicome,@AlanMCole
3/17/2019 10:20:45,@AlanMCole,@scottlincicome,@mattyglesias
3/17/2019 10:22:21,@mattyglesias,@scottlincicome,@AlanMCole
3/17/2019 10:22:47,@scottlincicome,@mattyglesias,@AlanMCole
3/17/2019 10:23:30,@AlanMCole,@scottlincicome,@mattyglesias
3/17/2019 10:24:39,@scottlincicome,@AlanMCole,@mattyglesias
3/17/2019 10:25:03,@scottlincicome,@AlanMCole,@mattyglesias
3/17/2019 10:25:03,@mattyglesias,@AlanMCole,@scottlincicome
3/17/2019 10:25:17,@mattyglesias,@scottlincicome,@AlanMCole
3/17/2019 10:25:32,@mattyglesias,@scottlincicome,"@scottlincicome, @AlanMCole"
3/17/2019 10:26:00,@AlanMCole,@mattyglesias,@scottlincicome
3/17/2019 10:26:46,@mattyglesias,@scottlincicome,@AlanMCole
3/17/2019 10:26:48,@scottlincicome,@AlanMCole,@mattyglesias
3/17/2019 10:26:53,@mattyglesias,@AlanMCole,@scottlincicome
3/17/2019 10:27:20,@scottlincicome,@AlanMCole,@mattyglesias
3/17/2019 10:27:44,@mattyglesias,@scottlincicome,@AlanMCole
3/17/2019 10:27:53,@scottlincicome,@AlanMCole,@mattyglesias
3/17/2019 10:27:59,@mattyglesias,@AlanMCole,@scottlincicome
3/17/2019 10:28:08,@scottlincicome,@AlanMCole,@mattyglesias
3/17/2019 10:28:44,@mattyglesias,@scottlincicome,@AlanMCole
3/17/2019 10:29:24,@mattyglesias,@scottlincicome,@AlanMCole
3/17/2019 10:30:20,@scottlincicome,@AlanMCole,@mattyglesias
3/17/2019 10:30:45,@scottlincicome,@AlanMCole,@mattyglesias
3/17/2019 10:30:50,@mattyglesias,@scottlincicome,@AlanMCole
3/17/2019 10:32:39,@mattyglesias,@mattyglesias,@mattyglesias
3/17/2019 10:32:55,@mattyglesias,@scottlincicome,@AlanMCole
3/17/2019 10:33:10,@scottlincicome,@AlanMCole,@mattyglesias
3/17/2019 10:33:28,@scottlincicome,@AlanMCole,@mattyglesias
3/17/2019 10:33:51,@mattyglesias,@scottlincicome,@AlanMCole
3/17/2019 10:34:25,@AlanMCole,@scottlincicome,@mattyglesias
3/17/2019 10:35:25,@mattyglesias,@scottlincicome,@AlanMCole
3/17/2019 10:35:33,@scottlincicome,@AlanMCole,@mattyglesias
3/17/2019 10:36:47,@mattyglesias,@mattyglesias,@mattyglesias
3/17/2019 10:36:52,@scottlincicome,@AlanMCole,@mattyglesias
3/17/2019 10:37:13,@mattyglesias,@scottlincicome,@AlanMCole
3/17/2019 10:37:51,@scottlincicome,@AlanMCole,@mattyglesias
3/17/2019 10:38:43,@scottlincicome,@AlanMCole,@mattyglesias
3/17/2019 10:40:40,@mattyglesias,@scottlincicome,@AlanMCole
3/17/2019 10:40:56,@mattyglesias,@scottlincicome,@AlanMCole
3/17/2019 10:41:37,@mattyglesias,@AlanMCole,@scottlincicome
3/17/2019 10:43:08,@mattyglesias,@scottlincicome,@AlanMCole
3/17/2019 10:44:38,@AlanMCole,@scottlincicome,@mattyglesias
3/17/2019 10:46:39,@mattyglesias,@AlanMCole,@scottlincicome
3/17/2019 10:47:50,@scottlincicome,@mattyglesias,@AlanMCole
3/17/2019 10:48:19,@AlanMCole,@AlanMCole,@scottlincicome
3/17/2019 10:49:08,@mattyglesias,@scottlincicome,@AlanMCole
3/17/2019 10:50:34,@scottlincicome,@AlanMCole,@mattyglesias
3/17/2019 10:52:42,@scottlincicome,@AlanMCole,@mattyglesias
3/17/2019 10:53:44,@mattyglesias,@mattyglesias,@mattyglesias
3/17/2019 10:53:53,@mattyglesias,@scottlincicome,@AlanMCole
3/17/2019 10:54:11,@scottlincicome,@AlanMCole,@mattyglesias
3/17/2019 10:54:55,@AlanMCole,@scottlincicome,@mattyglesias
3/17/2019 10:55:29,@mattyglesias,@scottlincicome,@AlanMCole
3/17/2019 10:57:23,@scottlincicome,@AlanMCole,@mattyglesias
3/17/2019 10:57:29,@scottlincicome,@AlanMCole,@mattyglesias
3/17/2019 10:57:47,@mattyglesias,@scottlincicome,@AlanMCole
3/17/2019 10:57:52,@mattyglesias,@scottlincicome,@AlanMCole
3/17/2019 10:57:54,@AlanMCole,@scottlincicome,@AlanMCole
3/17/2019 10:57:59,@scottlincicome,@scottlincicome,@scottlincicome
3/17/2019 10:58:37,@scottlincicome,@AlanMCole,@mattyglesias
3/17/2019 10:58:57,@mattyglesias,@scottlincicome,@AlanMCole
3/17/2019 10:59:14,@scottlincicome,@AlanMCole,@mattyglesias
3/17/2019 10:59:37,@mattyglesias,@AlanMCole,@scottlincicome
3/17/2019 10:59:53,@scottlincicome,@AlanMCole,@mattyglesias
3/17/2019 11:00:04,@mattyglesias,@AlanMCole,@scottlincicome
3/17/2019 11:01:03,@mattyglesias,@AlanMCole,@scottlincicome
3/17/2019 11:02:07,@mattyglesias,@AlanMCole,@scottlincicome
3/17/2019 11:02:08,@mattyglesias,@AlanMCole,@scottlincicome
3/17/2019 11:03:38,@scottlincicome,@AlanMCole,@mattyglesias
3/17/2019 11:05:07,@scottlincicome,@mattyglesias,@AlanMCole
3/17/2019 11:05:12,@mattyglesias,@scottlincicome,@AlanMCole
3/17/2019 11:05:41,@scottlincicome,@mattyglesias,@AlanMCole
3/17/2019 11:06:37,@mattyglesias,@mattyglesias,@mattyglesias
3/17/2019 11:08:36,@AlanMCole,@scottlincicome,@mattyglesias
3/17/2019 11:10:13,@mattyglesias,@scottlincicome,@AlanMCole
3/17/2019 11:10:28,@mattyglesias,@scottlincicome,@AlanMCole
3/17/2019 11:10:31,@scottlincicome,@AlanMCole,@mattyglesias
3/17/2019 11:10:52,@scottlincicome,@AlanMCole,@mattyglesias
3/17/2019 11:11:30,@mattyglesias,@scottlincicome,@AlanMCole
3/17/2019 11:13:09,@AlanMCole,@scottlincicome,@mattyglesias
3/17/2019 11:13:58,@mattyglesias,@scottlincicome,@AlanMCole
3/17/2019 11:14:33,@mattyglesias,@scottlincicome,@AlanMCole
3/17/2019 11:14:36,@mattyglesias,@scottlincicome,@AlanMCole
3/17/2019 11:14:43,@scottlincicome,@mattyglesias,@AlanMCole
3/17/2019 11:14:47,@scottlincicome,@scottlincicome,@AlanMCole
3/17/2019 11:15:00,@mattyglesias,@scottlincicome,@AlanMCole
3/17/2019 11:15:10,@scottlincicome,@AlanMCole,@mattyglesias
3/17/2019 11:15:11,@mattyglesias,@scottlincicome,@AlanMCole
3/17/2019 11:15:18,@mattyglesias,@scottlincicome,@AlanMCole
3/17/2019 11:15:20,@scottlincicome,@AlanMCole,@mattyglesias
3/17/2019 11:15:23,@scottlincicome,@AlanMCole,@mattyglesias
3/17/2019 11:15:34,@AlanMCole,@scottlincicome,@mattyglesias
3/17/2019 11:15:35,@mattyglesias,@scottlincicome,@AlanMCole
3/17/2019 11:15:36,@mattyglesias,@scottlincicome,@AlanMCole
3/17/2019 11:15:49,@mattyglesias,@scottlincicome,@AlanMCole
3/17/2019 11:15:59,@scottlincicome,@mattyglesias,@AlanMCole
3/17/2019 11:16:22,@AlanMCole,@scottlincicome,@mattyglesias
3/17/2019 11:16:37,@mattyglesias,@scottlincicome,@AlanMCole
3/17/2019 11:16:39,@mattyglesias,@scottlincicome,@AlanMCole
3/17/2019 11:16:43,@scottlincicome,@AlanMCole,@mattyglesias
3/17/2019 11:16:49,@scottlincicome,@AlanMCole,@mattyglesias
3/17/2019 11:17:16,@scottlincicome,@mattyglesias,@AlanMCole
3/17/2019 11:18:10,@scottlincicome,@AlanMCole,@mattyglesias
3/17/2019 11:18:11,@mattyglesias,@mattyglesias,@mattyglesias
3/17/2019 11:18:57,@scottlincicome,@AlanMCole,@mattyglesias
3/17/2019 11:19:01,@mattyglesias,@scottlincicome,@AlanMCole
3/17/2019 11:19:10,@mattyglesias,@scottlincicome,@AlanMCole
3/17/2019 11:19:26,@scottlincicome,@AlanMCole,@mattyglesias
3/17/2019 11:21:16,@scottlincicome,@AlanMCole,@mattyglesias
3/17/2019 11:21:31,@mattyglesias,@scottlincicome,@AlanMCole
3/17/2019 11:22:25,@mattyglesias,@scottlincicome,@AlanMCole
3/17/2019 11:22:57,@mattyglesias,@AlanMCole,@scottlincicome
3/17/2019 11:23:02,@AlanMCole,@scottlincicome,@scottlincicome
3/17/2019 11:23:03,@mattyglesias,@scottlincicome,@AlanMCole
3/17/2019 11:23:09,@mattyglesias,@mattyglesias,@mattyglesias
3/17/2019 11:23:10,@scottlincicome,@AlanMCole,@mattyglesias
3/17/2019 11:23:11,@mattyglesias,@scottlincicome,@AlanMCole
3/17/2019 11:23:32,@mattyglesias,@scottlincicome,@AlanMCole
3/17/2019 11:23:36,@mattyglesias,@scottlincicome,@AlanMCole
3/17/2019 11:23:36,@mattyglesias,@AlanMCole,@scottlincicome
3/17/2019 11:24:02,@mattyglesias,@AlanMCole,@scottlincicome
3/17/2019 11:24:02,@mattyglesias,@scottlincicome,@AlanMCole
3/17/2019 11:24:03,@mattyglesias,@scottlincicome,@AlanMCole
3/17/2019 11:24:31,@mattyglesias,@AlanMCole,@scottlincicome
3/17/2019 11:24:36,@mattyglesias,@AlanMCole,@scottlincicome
3/17/2019 11:25:14,@scottlincicome,@AlanMCole,@mattyglesias
3/17/2019 11:25:26,@mattyglesias,@scottlincicome,@AlanMCole
3/17/2019 11:25:37,@mattyglesias,@scottlincicome,@AlanMCole
3/17/2019 11:25:39,@scottlincicome,@AlanMCole,@mattyglesias
3/17/2019 11:25:42,@mattyglesias,@scottlincicome,@AlanMCole
3/17/2019 11:25:50,@mattyglesias,@scottlincicome,@AlanMCole
3/17/2019 11:26:04,@mattyglesias,@scottlincicome,@AlanMCole
3/17/2019 11:26:05,@mattyglesias,@scottlincicome,@AlanMCole
3/17/2019 11:26:10,@mattyglesias,@AlanMCole,@scottlincicome
3/17/2019 11:26:21,@scottlincicome,@mattyglesias,@AlanMCole
3/17/2019 11:26:34,@mattyglesias,@scottlincicome,@AlanMCole
3/17/2019 11:26:41,@mattyglesias,@scottlincicome,@AlanMCole
3/17/2019 11:26:47,@mattyglesias,@scottlincicome,@AlanMCole
3/17/2019 11:27:27,@mattyglesias,@AlanMCole,@scottlincicome
3/17/2019 11:27:49,@AlanMCole,@scottlincicome,@mattyglesias
3/17/2019 11:27:59,@mattyglesias,@scottlincicome,@AlanMCole
3/17/2019 11:28:17,@mattyglesias,@scottlincicome,@AlanMCole
3/17/2019 11:28:41,@mattyglesias,@AlanMCole,@scottlincicome
3/17/2019 11:29:14,@mattyglesias,@scottlincicome,@AlanMCole
3/17/2019 11:30:04,@mattyglesias,@scottlincicome,@AlanMCole
3/17/2019 11:30:36,@scottlincicome,@mattyglesias,@AlanMCole
3/17/2019 11:31:45,@mattyglesias,@mattyglesias,@mattyglesias
3/17/2019 11:32:03,@mattyglesias,@scottlincicome,@AlanMCole
3/17/2019 11:32:32,@mattyglesias,@scottlincicome,@AlanMCole
3/17/2019 11:32:32,@scottlincicome,@AlanMCole,@mattyglesias
3/17/2019 11:32:45,@mattyglesias,@AlanMCole,@scottlincicome
3/17/2019 11:33:01,@mattyglesias,@scottlincicome,@AlanMCole
3/17/2019 11:33:21,@mattyglesias,@scottlincicome,@AlanMCole
3/17/2019 11:33:51,@scottlincicome,@mattyglesias,@AlanMCole
3/17/2019 11:34:10,@scottlincicome,@mattyglesias,@AlanMCole
3/17/2019 11:34:27,@scottlincicome,@AlanMCole,@mattyglesias
3/17/2019 11:34:35,@scottlincicome,@AlanMCole,@mattyglesias
3/17/2019 11:35:02,@AlanMCole,@mattyglesias,@scottlincicome
3/17/2019 11:35:38,@AlanMCole,@scottlincicome,@AlanMCole
3/17/2019 11:35:40,@AlanMCole,@scottlincicome,@mattyglesias
3/17/2019 11:35:42,@mattyglesias,@scottlincicome,@AlanMCole
3/17/2019 11:35:45,@mattyglesias,@AlanMCole,@scottlincicome
3/17/2019 11:36:14,@mattyglesias,@AlanMCole,@scottlincicome
3/17/2019 11:36:18,@mattyglesias,@scottlincicome,@AlanMCole
3/17/2019 11:36:32,@mattyglesias,@AlanMCole,@scottlincicome
3/17/2019 11:37:09,@mattyglesias,@scottlincicome,@AlanMCole
3/17/2019 11:37:25,@mattyglesias,@AlanMCole,@scottlincicome
3/17/2019 11:37:36,@mattyglesias,@scottlincicome,@AlanMCole
3/17/2019 11:37:51,@mattyglesias,@scottlincicome,@AlanMCole
3/17/2019 11:37:58,@scottlincicome,@AlanMCole,@mattyglesias
3/17/2019 11:38:02,@mattyglesias,@AlanMCole,@scottlincicome
3/17/2019 11:38:15,@mattyglesias,@scottlincicome,@AlanMCole
3/17/2019 11:38:22,@mattyglesias,@scottlincicome,@AlanMCole
3/17/2019 11:38:30,@mattyglesias,@scottlincicome,@AlanMCole
3/17/2019 11:38:56,@mattyglesias,@AlanMCole,@scottlincicome
3/17/2019 11:39:28,@AlanMCole,@scottlincicome,@mattyglesias
3/17/2019 11:40:08,@mattyglesias,@scottlincicome,@AlanMCole
3/17/2019 11:40:58,@mattyglesias,@scottlincicome,@AlanMCole
3/17/2019 11:41:26,@mattyglesias,@AlanMCole,@scottlincicome
3/17/2019 11:41:37,@scottlincicome,@AlanMCole,@mattyglesias
3/17/2019 11:42:36,@mattyglesias,@scottlincicome,@AlanMCole
3/17/2019 11:42:43,@mattyglesias,@AlanMCole,@scottlincicome
3/17/2019 11:43:36,@mattyglesias,@AlanMCole,@scottlincicome
3/17/2019 11:44:01,@mattyglesias,@AlanMCole,@scottlincicome
3/17/2019 11:44:59,@mattyglesias,@scottlincicome,@AlanMCole
3/17/2019 11:45:31,@mattyglesias,@AlanMCole,@scottlincicome
3/17/2019 11:45:39,@scottlincicome,@AlanMCole,@mattyglesias
3/17/2019 11:46:47,@AlanMCole,@scottlincicome,@mattyglesias
3/17/2019 11:46:53,@mattyglesias,@scottlincicome,@AlanMCole
3/17/2019 11:47:20,@mattyglesias,@scottlincicome,@AlanMCole
3/17/2019 11:47:35,@mattyglesias,@scottlincicome,@AlanMCole
3/17/2019 11:48:02,@mattyglesias,@AlanMCole,@scottlincicome
3/17/2019 11:48:07,@scottlincicome,@AlanMCole,@AlanMCole
3/17/2019 11:48:18,@mattyglesias,@scottlincicome,@AlanMCole
3/17/2019 11:48:30,@scottlincicome,@mattyglesias,@AlanMCole
3/17/2019 11:48:40,@scottlincicome,@mattyglesias,@AlanMCole
3/17/2019 11:48:49,@mattyglesias,@scottlincicome,@AlanMCole
3/17/2019 11:48:57,@mattyglesias,@scottlincicome,@AlanMCole
3/17/2019 11:49:21,@AlanMCole,@scottlincicome,@mattyglesias
3/17/2019 11:49:54,@scottlincicome,@AlanMCole,@mattyglesias
3/17/2019 11:49:58,@mattyglesias,@scottlincicome,@AlanMCole
3/17/2019 11:50:03,@mattyglesias,@scottlincicome,@AlanMCole
3/17/2019 11:50:21,@scottlincicome,@AlanMCole,@mattyglesias
3/17/2019 11:50:43,@mattyglesias,@AlanMCole,@scottlincicome
3/17/2019 11:51:45,@mattyglesias,@scottlincicome,@AlanMCole
3/17/2019 11:52:08,@scottlincicome,"@mattyglesias, @AlanMCole",@mattyglesias
3/17/2019 11:52:16,@mattyglesias,@scottlincicome,@AlanMCole
3/17/2019 11:52:36,@scottlincicome,@AlanMCole,@mattyglesias
3/17/2019 11:53:37,@scottlincicome,@AlanMCole,@mattyglesias
3/17/2019 11:54:16,@scottlincicome,@AlanMCole,@mattyglesias
3/17/2019 11:54:41,@mattyglesias,@scottlincicome,@AlanMCole
3/17/2019 11:55:48,@scottlincicome,@AlanMCole,@mattyglesias
3/17/2019 11:56:23,@scottlincicome,@AlanMCole,@mattyglesias
3/17/2019 11:56:39,@mattyglesias,@scottlincicome,@AlanMCole
3/17/2019 11:56:53,@mattyglesias,@mattyglesias,@mattyglesias
3/17/2019 11:57:27,@scottlincicome,@mattyglesias,@AlanMCole
3/17/2019 11:57:57,@mattyglesias,@AlanMCole,@scottlincicome
3/17/2019 11:58:23,@scottlincicome,@AlanMCole,@mattyglesias
3/17/2019 11:58:36,@mattyglesias,@scottlincicome,@AlanMCole
3/17/2019 11:59:01,@AlanMCole,@mattyglesias,@scottlincicome
3/17/2019 11:59:13,@mattyglesias,@scottlincicome,@AlanMCole
3/17/2019 11:59:14,@mattyglesias,@scottlincicome,@AlanMCole
3/17/2019 11:59:15,@mattyglesias,@AlanMCole,@scottlincicome
3/17/2019 11:59:17,@mattyglesias,@AlanMCole,@scottlincicome
3/17/2019 11:59:29,@mattyglesias,@scottlincicome,@AlanMCole
3/17/2019 11:59:29,@scottlincicome,@AlanMCole,@mattyglesias
3/17/2019 11:59:29,@scottlincicome,@AlanMCole,@mattyglesias
3/17/2019 11:59:30,@scottlincicome,@AlanMCole,@mattyglesias
3/17/2019 11:59:31,@mattyglesias,@scottlincicome,@AlanMCole
3/17/2019 11:59:44,@mattyglesias,@scottlincicome,@AlanMCole
3/17/2019 12:00:11,@mattyglesias,@AlanMCole,@scottlincicome
3/17/2019 12:00:28,@mattyglesias,@scottlincicome,@AlanMCole
3/17/2019 12:00:35,@mattyglesias,@scottlincicome,@AlanMCole
3/17/2019 12:00:46,@mattyglesias,@scottlincicome,@AlanMCole
3/17/2019 12:01:12,@AlanMCole,@scottlincicome,@mattyglesias
3/17/2019 12:01:21,@AlanMCole,@scottlincicome,@mattyglesias
3/17/2019 12:01:22,@mattyglesias,@scottlincicome,@AlanMCole
3/17/2019 12:02:55,@mattyglesias,@AlanMCole,@scottlincicome
3/17/2019 12:03:05,@mattyglesias,@AlanMCole,@scottlincicome
3/17/2019 12:03:12,@mattyglesias,@scottlincicome,@AlanMCole
3/17/2019 12:03:25,@scottlincicome,@AlanMCole,@mattyglesias
3/17/2019 12:03:41,@mattyglesias,@AlanMCole,@scottlincicome
3/17/2019 12:03:47,@scottlincicome,@AlanMCole,@mattyglesias
3/17/2019 12:03:53,@scottlincicome,@AlanMCole,@mattyglesias
3/17/2019 12:04:04,@scottlincicome,@AlanMCole,@mattyglesias
3/17/2019 12:04:57,@mattyglesias,@AlanMCole,@scottlincicome
3/17/2019 12:07:07,@scottlincicome,@AlanMCole,@mattyglesias
3/17/2019 12:07:12,@mattyglesias,@AlanMCole,@scottlincicome
3/17/2019 12:08:09,@mattyglesias,@scottlincicome,@AlanMCole
3/17/2019 12:08:58,@scottlincicome,@AlanMCole,@mattyglesias
3/17/2019 12:09:06,@scottlincicome,@AlanMCole,@mattyglesias
3/17/2019 12:09:35,@scottlincicome,@AlanMCole,@mattyglesias
3/17/2019 12:09:35,@scottlincicome,@mattyglesias,@AlanMCole
3/17/2019 12:09:40,@mattyglesias,@scottlincicome,@AlanMCole
3/17/2019 12:10:07,@scottlincicome,@AlanMCole,@scottlincicome
3/17/2019 12:10:31,@mattyglesias,@AlanMCole,@scottlincicome
3/17/2019 12:11:45,@mattyglesias,@scottlincicome,@AlanMCole
3/17/2019 12:11:49,@mattyglesias,@AlanMCole,@scottlincicome
3/17/2019 12:12:57,@scottlincicome,@AlanMCole,@mattyglesias
3/17/2019 12:13:26,@AlanMCole,@mattyglesias,@scottlincicome
3/17/2019 12:13:51,@mattyglesias,@AlanMCole,@scottlincicome
3/17/2019 12:13:58,@mattyglesias,@AlanMCole,@scottlincicome
3/17/2019 12:14:21,@AlanMCole,@scottlincicome,@mattyglesias
3/17/2019 12:14:31,@AlanMCole,@scottlincicome,@mattyglesias
3/17/2019 12:14:45,@mattyglesias,@scottlincicome,@AlanMCole
3/17/2019 12:15:14,@AlanMCole,@scottlincicome,@mattyglesias
3/17/2019 12:15:36,@scottlincicome,@AlanMCole,@mattyglesias
3/17/2019 12:15:39,@AlanMCole,@scottlincicome,@mattyglesias
3/17/2019 12:15:43,@scottlincicome,@AlanMCole,@mattyglesias
3/17/2019 12:15:44,@mattyglesias,@AlanMCole,@scottlincicome
3/17/2019 12:15:52,@mattyglesias,@AlanMCole,@scottlincicome
3/17/2019 12:16:02,@mattyglesias,@scottlincicome,@AlanMCole
3/17/2019 12:16:02,@mattyglesias,@AlanMCole,@scottlincicome
3/17/2019 12:16:09,@mattyglesias,@scottlincicome,@AlanMCole
3/17/2019 12:16:18,@scottlincicome,@AlanMCole,@mattyglesias
3/17/2019 12:16:53,@scottlincicome,@AlanMCole,@mattyglesias
3/17/2019 12:16:59,@mattyglesias,@AlanMCole,@scottlincicome
3/17/2019 12:17:49,@scottlincicome,@AlanMCole,@mattyglesias
3/17/2019 12:17:59,@scottlincicome,@AlanMCole,@mattyglesias
3/17/2019 12:18:00,@scottlincicome,@mattyglesias,@AlanMCole
3/17/2019 12:18:16,@mattyglesias,@scottlincicome,@AlanMCole
3/17/2019 12:18:34,@scottlincicome,@AlanMCole,@mattyglesias
3/17/2019 12:18:34,@mattyglesias,@AlanMCole,@scottlincicome
3/17/2019 12:18:41,@AlanMCole,@scottlincicome,@mattyglesias
3/17/2019 12:18:49,@scottlincicome,@AlanMCole,@mattyglesias
3/17/2019 12:19:18,@scottlincicome,@mattyglesias,@AlanMCole
3/17/2019 12:19:33,@AlanMCole,@scottlincicome,@mattyglesias
3/17/2019 12:19:44,@mattyglesias,@AlanMCole,@scottlincicome
3/17/2019 12:19:49,@mattyglesias,@AlanMCole,@scottlincicome
3/17/2019 12:20:38,@mattyglesias,@AlanMCole,@scottlincicome
3/17/2019 12:21:09,@mattyglesias,@scottlincicome,@AlanMCole
3/17/2019 12:21:36,@mattyglesias,@scottlincicome,@AlanMCole
3/17/2019 12:21:47,@AlanMCole,@scottlincicome,@mattyglesias
3/17/2019 12:22:14,@scottlincicome,@AlanMCole,@mattyglesias
3/17/2019 12:22:29,@AlanMCole,@scottlincicome,@mattyglesias
3/17/2019 12:22:29,@mattyglesias,@mattyglesias,@mattyglesias
3/17/2019 12:22:46,@scottlincicome,@AlanMCole,@mattyglesias
3/17/2019 12:22:57,@scottlincicome,@mattyglesias,@AlanMCole
3/17/2019 12:23:15,@mattyglesias,@scottlincicome,@AlanMCole
3/17/2019 12:23:36,@mattyglesias,@scottlincicome,@AlanMCole
3/17/2019 12:24:00,@mattyglesias,@AlanMCole,@scottlincicome
3/17/2019 12:24:14,@mattyglesias,@scottlincicome,@AlanMCole
3/17/2019 12:24:47,@mattyglesias,@scottlincicome,@AlanMCole
3/17/2019 12:24:59,@scottlincicome,@mattyglesias,@AlanMCole
3/17/2019 12:25:03,@scottlincicome,@mattyglesias,@AlanMCole
3/17/2019 12:26:38,@mattyglesias,@scottlincicome,@AlanMCole
3/17/2019 12:26:49,@mattyglesias,@AlanMCole,@scottlincicome
3/17/2019 12:27:24,@mattyglesias,@scottlincicome,@AlanMCole
3/17/2019 12:27:28,@AlanMCole,@scottlincicome,@mattyglesias
3/17/2019 12:27:53,@scottlincicome,@AlanMCole,@mattyglesias
3/17/2019 12:27:58,@mattyglesias,@scottlincicome,@AlanMCole
3/17/2019 12:28:00,@mattyglesias,@scottlincicome,@AlanMCole
3/17/2019 12:28:22,@scottlincicome,@scottlincicome,@scottlincicome
3/17/2019 12:28:29,@scottlincicome,@AlanMCole,@mattyglesias
3/17/2019 12:29:31,@mattyglesias,@AlanMCole,@scottlincicome
3/17/2019 12:30:01,@mattyglesias,@scottlincicome,@AlanMCole
3/17/2019 12:30:14,@mattyglesias,@scottlincicome,@AlanMCole
3/17/2019 12:30:17,@mattyglesias,@scottlincicome,@AlanMCole
3/17/2019 12:32:17,@scottlincicome,@AlanMCole,@mattyglesias
3/17/2019 12:32:17,@scottlincicome,@mattyglesias,@AlanMCole
3/17/2019 12:32:36,@mattyglesias,@scottlincicome,@AlanMCole
3/17/2019 12:32:37,@mattyglesias,@scottlincicome,@AlanMCole
3/17/2019 12:32:44,@AlanMCole,@scottlincicome,@mattyglesias
3/17/2019 12:32:44,@AlanMCole,@scottlincicome,@mattyglesias
3/17/2019 12:33:43,@mattyglesias,@scottlincicome,@AlanMCole
3/17/2019 12:34:10,@scottlincicome,@AlanMCole,@mattyglesias
3/17/2019 12:34:50,@AlanMCole,@scottlincicome,@mattyglesias
3/17/2019 12:35:52,@AlanMCole,@scottlincicome,@mattyglesias
3/17/2019 12:36:46,@mattyglesias,@scottlincicome,@AlanMCole
3/17/2019 12:36:49,@mattyglesias,@scottlincicome,@AlanMCole
3/17/2019 12:37:50,@scottlincicome,@AlanMCole,@mattyglesias
3/17/2019 12:38:27,@mattyglesias,@AlanMCole,@scottlincicome
3/17/2019 12:38:36,@mattyglesias,@AlanMCole,@scottlincicome
3/17/2019 12:39:22,@scottlincicome,@AlanMCole,@mattyglesias
3/17/2019 12:39:33,@mattyglesias,@scottlincicome,@AlanMCole
3/17/2019 12:39:54,@AlanMCole,@scottlincicome,@mattyglesias
3/17/2019 12:40:11,@scottlincicome,"@mattyglesias, @AlanMCole",@AlanMCole
3/17/2019 12:40:43,@mattyglesias,@AlanMCole,@scottlincicome
3/17/2019 12:40:47,@scottlincicome,@AlanMCole,@mattyglesias
3/17/2019 12:41:03,@scottlincicome,@scottlincicome,@scottlincicome
3/17/2019 12:41:03,@AlanMCole,@mattyglesias,@scottlincicome
3/17/2019 12:41:56,@mattyglesias,@scottlincicome,@AlanMCole
3/17/2019 12:42:51,@mattyglesias,@scottlincicome,@AlanMCole
3/17/2019 12:43:47,@mattyglesias,@scottlincicome,@AlanMCole
3/17/2019 12:44:45,@mattyglesias,@AlanMCole,@scottlincicome
3/17/2019 12:44:59,@mattyglesias,@AlanMCole,@scottlincicome
3/17/2019 12:45:23,@mattyglesias,@AlanMCole,@scottlincicome
3/17/2019 12:46:20,@AlanMCole,@scottlincicome,@mattyglesias
3/17/2019 12:46:23,@scottlincicome,@AlanMCole,@scottlincicome
3/17/2019 12:47:39,@mattyglesias,@scottlincicome,@AlanMCole
3/17/2019 12:48:02,@scottlincicome,@AlanMCole,@mattyglesias
3/17/2019 12:48:15,@mattyglesias,@scottlincicome,@AlanMCole
3/17/2019 12:48:18,@AlanMCole,@scottlincicome,@mattyglesias
3/17/2019 12:48:19,@scottlincicome,@scottlincicome,@scottlincicome
3/17/2019 12:48:28,@scottlincicome,@scottlincicome,@scottlincicome
3/17/2019 12:48:34,@scottlincicome,@AlanMCole,@mattyglesias
3/17/2019 12:48:41,@AlanMCole,@mattyglesias,@scottlincicome
3/17/2019 12:50:07,@mattyglesias,@scottlincicome,@AlanMCole
3/17/2019 12:50:31,@scottlincicome,@AlanMCole,@mattyglesias
3/17/2019 12:51:00,@mattyglesias,@scottlincicome,@AlanMCole
3/17/2019 12:51:46,@mattyglesias,@AlanMCole,@scottlincicome
3/17/2019 12:51:51,@AlanMCole,@mattyglesias,@scottlincicome
3/17/2019 12:51:53,@mattyglesias,@scottlincicome,@AlanMCole
3/17/2019 12:54:49,@mattyglesias,@scottlincicome,@AlanMCole
3/17/2019 12:55:56,@scottlincicome,@mattyglesias,@AlanMCole
3/17/2019 12:56:44,@mattyglesias,@scottlincicome,@AlanMCole
3/17/2019 12:56:44,@scottlincicome,@AlanMCole,@mattyglesias
3/17/2019 12:59:08,@mattyglesias,@scottlincicome,@AlanMCole
3/17/2019 12:59:40,@mattyglesias,@AlanMCole,@scottlincicome
3/17/2019 12:59:55,@mattyglesias,@AlanMCole,@scottlincicome
3/17/2019 13:00:16,@mattyglesias,@AlanMCole,@scottlincicome
3/17/2019 13:00:34,@mattyglesias,@scottlincicome,@AlanMCole
3/17/2019 13:00:42,@mattyglesias,@scottlincicome,@AlanMCole
3/17/2019 13:01:06,@scottlincicome,@AlanMCole,@mattyglesias
3/17/2019 13:01:14,@AlanMCole,@scottlincicome,@mattyglesias
3/17/2019 13:01:48,@scottlincicome,@AlanMCole,@mattyglesias
3/17/2019 13:03:02,@mattyglesias,@scottlincicome,@AlanMCole
3/17/2019 13:03:15,@mattyglesias,@scottlincicome,@AlanMCole
3/17/2019 13:06:00,@scottlincicome,@AlanMCole,@mattyglesias
3/17/2019 13:06:45,@AlanMCole,@scottlincicome,@mattyglesias
3/17/2019 13:07:15,@scottlincicome,@mattyglesias,@AlanMCole
3/17/2019 13:08:32,@scottlincicome,@AlanMCole,@mattyglesias
3/17/2019 13:09:27,@mattyglesias,@scottlincicome,@AlanMCole
3/17/2019 13:10:00,@mattyglesias,@AlanMCole,@scottlincicome
3/17/2019 13:10:41,@mattyglesias,@scottlincicome,@AlanMCole
3/17/2019 13:11:17,@mattyglesias,@scottlincicome,@AlanMCole
3/17/2019 13:12:44,@mattyglesias,@scottlincicome,@AlanMCole
3/17/2019 13:13:14,@mattyglesias,@scottlincicome,@AlanMCole
3/17/2019 13:13:38,@scottlincicome,@AlanMCole,@mattyglesias
3/17/2019 13:13:48,@scottlincicome,@AlanMCole,@mattyglesias
3/17/2019 13:14:51,@mattyglesias,@scottlincicome,@AlanMCole
3/17/2019 13:15:19,@mattyglesias,@AlanMCole,@scottlincicome
3/17/2019 13:15:52,@scottlincicome,@AlanMCole,@mattyglesias
3/17/2019 13:15:54,@scottlincicome,@mattyglesias,@AlanMCole
3/17/2019 13:16:26,@AlanMCole,@scottlincicome,@mattyglesias
3/17/2019 13:17:04,@mattyglesias,@AlanMCole,@scottlincicome
3/17/2019 13:17:37,@scottlincicome,@AlanMCole,@mattyglesias
3/17/2019 13:19:01,@mattyglesias,@scottlincicome,@AlanMCole
3/17/2019 13:19:47,@AlanMCole,@scottlincicome,@mattyglesias
3/17/2019 13:19:55,@scottlincicome,@AlanMCole,@mattyglesias
3/17/2019 13:20:33,@mattyglesias,@scottlincicome,@AlanMCole
3/17/2019 13:20:44,@mattyglesias,@scottlincicome,@AlanMCole
3/17/2019 13:21:25,@mattyglesias,@scottlincicome,@AlanMCole
3/17/2019 13:23:21,@scottlincicome,@AlanMCole,@mattyglesias
3/17/2019 13:24:30,@mattyglesias,@AlanMCole,@AlanMCole
3/17/2019 13:24:35,@mattyglesias,@scottlincicome,@AlanMCole
3/17/2019 13:24:52,@mattyglesias,@AlanMCole,@scottlincicome
3/17/2019 13:25:12,@AlanMCole,@scottlincicome,@mattyglesias
3/17/2019 13:25:23,@mattyglesias,@scottlincicome,@AlanMCole
3/17/2019 13:26:43,@mattyglesias,@scottlincicome,@AlanMCole
3/17/2019 13:27:17,@mattyglesias,@scottlincicome,@AlanMCole
3/17/2019 13:29:13,@scottlincicome,@mattyglesias,@AlanMCole
3/17/2019 13:31:13,@AlanMCole,@scottlincicome,@mattyglesias
3/17/2019 13:31:15,@mattyglesias,@scottlincicome,@AlanMCole
3/17/2019 13:32:14,@mattyglesias,@AlanMCole,@scottlincicome
3/17/2019 13:32:20,@mattyglesias,@scottlincicome,@AlanMCole
3/17/2019 13:33:12,@mattyglesias,@AlanMCole,@scottlincicome
3/17/2019 13:33:42,@mattyglesias,@scottlincicome,@AlanMCole
3/17/2019 13:34:06,@mattyglesias,@scottlincicome,@AlanMCole
3/17/2019 13:33:48,@mattyglesias,@scottlincicome,@AlanMCole
3/17/2019 13:36:32,@mattyglesias,@AlanMCole,@scottlincicome
3/17/2019 13:37:13,@scottlincicome,@mattyglesias,@AlanMCole
3/17/2019 13:37:25,@mattyglesias,@AlanMCole,@scottlincicome
3/17/2019 13:37:42,@mattyglesias,@scottlincicome,@AlanMCole
3/17/2019 13:38:12,@AlanMCole,@scottlincicome,@mattyglesias
3/17/2019 13:38:51,@scottlincicome,@AlanMCole,@mattyglesias
3/17/2019 13:39:19,@scottlincicome,@AlanMCole,@mattyglesias
3/17/2019 13:39:56,@scottlincicome,@scottlincicome,@scottlincicome
3/17/2019 13:42:08,@scottlincicome,@AlanMCole,@mattyglesias
3/17/2019 13:42:08,@mattyglesias,@scottlincicome,@AlanMCole
3/17/2019 13:43:03,@mattyglesias,@AlanMCole,@scottlincicome
3/17/2019 13:43:18,@mattyglesias,@AlanMCole,@scottlincicome
3/17/2019 13:43:23,@mattyglesias,@scottlincicome,@AlanMCole
3/17/2019 13:43:49,@AlanMCole,@scottlincicome,@mattyglesias
3/17/2019 13:44:53,@mattyglesias,@AlanMCole,@scottlincicome
3/17/2019 13:45:08,@mattyglesias,@AlanMCole,@scottlincicome
3/17/2019 13:45:21,@mattyglesias,@scottlincicome,@AlanMCole
3/17/2019 13:45:30,@mattyglesias,@mattyglesias,@mattyglesias
3/17/2019 13:45:58,@mattyglesias,@scottlincicome,@AlanMCole
3/17/2019 13:47:10,@mattyglesias,@AlanMCole,@scottlincicome
3/17/2019 13:49:24,@AlanMCole,@scottlincicome,@mattyglesias
3/17/2019 13:49:42,@mattyglesias,@AlanMCole,@scottlincicome
3/17/2019 13:50:20,@mattyglesias,@AlanMCole,@scottlincicome
3/17/2019 13:50:31,@mattyglesias,@scottlincicome,@AlanMCole
3/17/2019 13:50:47,@mattyglesias,@AlanMCole,@scottlincicome
3/17/2019 13:50:49,@AlanMCole,@scottlincicome,@mattyglesias
3/17/2019 13:51:41,@mattyglesias,@scottlincicome,@AlanMCole
3/17/2019 13:53:11,@mattyglesias,@scottlincicome,@AlanMCole
3/17/2019 13:53:21,@mattyglesias,@mattyglesias,@mattyglesias
3/17/2019 13:53:47,@scottlincicome,@AlanMCole,@mattyglesias
3/17/2019 13:53:50,@scottlincicome,@scottlincicome,@AlanMCole
3/17/2019 13:54:43,@mattyglesias,@scottlincicome,@AlanMCole
3/17/2019 13:55:53,@scottlincicome,@AlanMCole,@mattyglesias
3/17/2019 13:56:14,@AlanMCole,@scottlincicome,@mattyglesias
3/17/2019 13:56:32,@mattyglesias,@scottlincicome,@AlanMCole
3/17/2019 13:57:07,@scottlincicome,@AlanMCole,@mattyglesias
3/17/2019 13:57:19,@AlanMCole,@scottlincicome,@AlanMCole
3/17/2019 13:59:26,@mattyglesias,@scottlincicome,@AlanMCole
3/17/2019 14:00:37,@mattyglesias,@mattyglesias,@mattyglesias
3/17/2019 14:02:09,@mattyglesias,@scottlincicome,@AlanMCole
3/17/2019 14:02:19,@mattyglesias,@AlanMCole,@scottlincicome
3/17/2019 14:02:48,@scottlincicome,@AlanMCole,@mattyglesias
3/17/2019 14:03:08,@scottlincicome,@mattyglesias,@AlanMCole
3/17/2019 14:03:59,@AlanMCole,@scottlincicome,@mattyglesias
3/17/2019 14:04:05,@AlanMCole,@scottlincicome,@mattyglesias
3/17/2019 14:04:11,@scottlincicome,@mattyglesias,@AlanMCole
3/17/2019 14:04:28,@AlanMCole,@scottlincicome,@mattyglesias
3/17/2019 14:05:08,@scottlincicome,@AlanMCole,@mattyglesias
3/17/2019 14:05:35,@mattyglesias,@scottlincicome,@AlanMCole
3/17/2019 14:06:17,@mattyglesias,@scottlincicome,@AlanMCole
3/17/2019 14:07:45,@mattyglesias,@AlanMCole,@scottlincicome
3/17/2019 14:08:28,@scottlincicome,@AlanMCole,@mattyglesias
3/17/2019 14:10:28,@scottlincicome,@mattyglesias,@AlanMCole
3/17/2019 14:11:02,@scottlincicome,@AlanMCole,@mattyglesias
3/17/2019 14:11:30,@scottlincicome,@AlanMCole,@mattyglesias
3/17/2019 14:12:04,@mattyglesias,@scottlincicome,@AlanMCole
3/17/2019 14:12:32,@mattyglesias,@scottlincicome,@AlanMCole
3/17/2019 14:12:53,@scottlincicome,@scottlincicome,@scottlincicome
3/17/2019 14:13:51,@scottlincicome,@AlanMCole,@mattyglesias
3/17/2019 14:13:58,@mattyglesias,@AlanMCole,@scottlincicome
3/17/2019 14:14:18,@scottlincicome,@AlanMCole,@mattyglesias
3/17/2019 14:14:38,@mattyglesias,@scottlincicome,@AlanMCole
3/17/2019 14:14:58,@scottlincicome,@AlanMCole,@mattyglesias
3/17/2019 14:15:06,@AlanMCole,@scottlincicome,@mattyglesias
3/17/2019 14:17:01,@mattyglesias,@scottlincicome,@AlanMCole
3/17/2019 14:17:21,@mattyglesias,@mattyglesias,@mattyglesias
3/17/2019 14:17:22,@scottlincicome,@mattyglesias,@AlanMCole
3/17/2019 14:17:38,@mattyglesias,@scottlincicome,@AlanMCole
3/17/2019 14:18:00,@mattyglesias,@scottlincicome,@AlanMCole
3/17/2019 14:18:10,@scottlincicome,@AlanMCole,@mattyglesias
3/17/2019 14:18:38,@scottlincicome,@AlanMCole,@mattyglesias
3/17/2019 14:18:43,@scottlincicome,@mattyglesias,@AlanMCole
3/17/2019 14:18:47,@AlanMCole,@scottlincicome,@mattyglesias
3/17/2019 14:19:00,@scottlincicome,@AlanMCole,@mattyglesias
3/17/2019 14:19:13,@scottlincicome,@AlanMCole,@mattyglesias
3/17/2019 14:19:39,@scottlincicome,@mattyglesias,@AlanMCole
3/17/2019 14:20:15,@scottlincicome,@AlanMCole,@mattyglesias
3/17/2019 14:21:05,@mattyglesias,@scottlincicome,@AlanMCole
3/17/2019 14:22:13,@scottlincicome,@mattyglesias,@AlanMCole
3/17/2019 14:23:19,@mattyglesias,@AlanMCole,@scottlincicome
3/17/2019 14:23:29,@mattyglesias,@scottlincicome,@AlanMCole
3/17/2019 14:23:41,@mattyglesias,@scottlincicome,@AlanMCole
3/17/2019 14:24:12,@scottlincicome,@AlanMCole,@mattyglesias
3/17/2019 14:25:28,@mattyglesias,@scottlincicome,@AlanMCole
3/17/2019 14:27:13,@mattyglesias,@scottlincicome,@AlanMCole
3/17/2019 14:28:44,@mattyglesias,@scottlincicome,@AlanMCole
3/17/2019 14:28:50,@mattyglesias,@AlanMCole,@scottlincicome
3/17/2019 14:29:31,@AlanMCole,@scottlincicome,@mattyglesias
3/17/2019 14:30:50,@AlanMCole,@scottlincicome,@mattyglesias
3/17/2019 14:32:31,@mattyglesias,@scottlincicome,@AlanMCole
3/17/2019 14:32:57,@scottlincicome,@AlanMCole,@mattyglesias
3/17/2019 14:33:04,@scottlincicome,@mattyglesias,@AlanMCole
3/17/2019 14:33:45,@mattyglesias,@scottlincicome,@AlanMCole
3/17/2019 14:34:40,@mattyglesias,@scottlincicome,@AlanMCole
3/17/2019 14:36:08,@scottlincicome,@AlanMCole,@mattyglesias
3/17/2019 14:36:09,@mattyglesias,@AlanMCole,@scottlincicome
3/17/2019 14:36:35,@mattyglesias,@scottlincicome,@AlanMCole
3/17/2019 14:36:46,@mattyglesias,@scottlincicome,@AlanMCole
3/17/2019 14:37:14,@AlanMCole,@scottlincicome,@mattyglesias
3/17/2019 14:37:47,@scottlincicome,@AlanMCole,@mattyglesias
3/17/2019 14:38:53,@mattyglesias,@scottlincicome,@AlanMCole
3/17/2019 14:39:36,@mattyglesias,@scottlincicome,@AlanMCole
3/17/2019 14:39:37,@mattyglesias,@AlanMCole,@scottlincicome
3/17/2019 14:39:40,@scottlincicome,@AlanMCole,@mattyglesias
3/17/2019 14:39:41,@AlanMCole,@scottlincicome,@mattyglesias
3/17/2019 14:40:30,@mattyglesias,@scottlincicome,@AlanMCole
3/17/2019 14:40:48,@scottlincicome,@AlanMCole,@mattyglesias
3/17/2019 14:40:48,@mattyglesias,@AlanMCole,@scottlincicome
3/17/2019 14:40:49,@mattyglesias,@scottlincicome,@AlanMCole
3/17/2019 14:40:57,@mattyglesias,@AlanMCole,@scottlincicome
3/17/2019 14:41:13,@mattyglesias,@scottlincicome,@AlanMCole
3/17/2019 14:41:18,@mattyglesias,@mattyglesias,@mattyglesias
3/17/2019 14:41:55,@AlanMCole,@mattyglesias,@scottlincicome
3/17/2019 14:42:06,@mattyglesias,@AlanMCole,@scottlincicome
3/17/2019 14:42:22,@mattyglesias,@scottlincicome,@AlanMCole
3/17/2019 14:42:26,@mattyglesias,@AlanMCole,@scottlincicome
3/17/2019 14:42:35,@mattyglesias,@scottlincicome,@AlanMCole
3/17/2019 14:42:42,@mattyglesias,@AlanMCole,@scottlincicome
3/17/2019 14:42:50,@mattyglesias,@scottlincicome,@AlanMCole
3/17/2019 14:43:03,@mattyglesias,@scottlincicome,@AlanMCole
3/17/2019 14:43:08,@mattyglesias,@scottlincicome,@AlanMCole
3/17/2019 14:43:17,@mattyglesias,@AlanMCole,@scottlincicome
3/17/2019 14:43:21,@mattyglesias,@scottlincicome,@AlanMCole
3/17/2019 14:43:23,@mattyglesias,@scottlincicome,@AlanMCole
3/17/2019 14:43:24,@scottlincicome,@AlanMCole,@mattyglesias
3/17/2019 14:43:44,@mattyglesias,@scottlincicome,@AlanMCole
3/17/2019 14:43:52,@scottlincicome,@AlanMCole,@mattyglesias
3/17/2019 14:43:57,@mattyglesias,@scottlincicome,@AlanMCole
3/17/2019 14:43:59,@mattyglesias,@scottlincicome,@AlanMCole
3/17/2019 14:44:10,@mattyglesias,@AlanMCole,@scottlincicome
3/17/2019 14:44:15,@mattyglesias,@scottlincicome,@AlanMCole
3/17/2019 14:44:19,@scottlincicome,@AlanMCole,@mattyglesias
3/17/2019 14:44:21,@mattyglesias,@scottlincicome,@AlanMCole
3/17/2019 14:44:26,@mattyglesias,@scottlincicome,@AlanMCole
3/17/2019 14:44:27,@mattyglesias,@scottlincicome,@AlanMCole
3/17/2019 14:44:40,@mattyglesias,@scottlincicome,@AlanMCole
3/17/2019 14:44:41,@mattyglesias,@scottlincicome,@AlanMCole
3/17/2019 14:44:59,@mattyglesias,@scottlincicome,@AlanMCole
3/17/2019 14:45:14,@mattyglesias,@scottlincicome,@AlanMCole
3/17/2019 14:45:24,@mattyglesias,@mattyglesias,@mattyglesias
3/17/2019 14:45:44,@mattyglesias,@mattyglesias,@mattyglesias
3/17/2019 14:45:47,@mattyglesias,@scottlincicome,@AlanMCole
3/17/2019 14:46:25,@mattyglesias,@scottlincicome,@AlanMCole
3/17/2019 14:46:38,@mattyglesias,@mattyglesias,@mattyglesias
3/17/2019 14:46:43,@mattyglesias,@AlanMCole,@scottlincicome
3/17/2019 14:46:53,@mattyglesias,@AlanMCole,@scottlincicome
3/17/2019 14:47:06,@AlanMCole,@scottlincicome,@mattyglesias
3/17/2019 14:47:16,@mattyglesias,@scottlincicome,@AlanMCole
3/17/2019 14:47:23,@mattyglesias,@scottlincicome,@AlanMCole
3/17/2019 14:47:46,@mattyglesias,@mattyglesias,@mattyglesias
3/17/2019 14:47:51,@scottlincicome,@AlanMCole,@mattyglesias